CourseID,Credits
AAS100,3
AAS105,3
AAS120,3
AAS199,5
AAS200,3
AAS201,3
AAS211,3
AAS215,3
AAS246,3
AAS258,3
AAS260,3
AAS275,3
AAS281,3
AAS282,3
AAS283,3
AAS286,3
AAS287,3
AAS288,3
AAS290,3
AAS291,3
AAS297,3
AAS299,3
AAS300,3
AAS310,4
AAS315,3
AAS317,3
AAS343,3
AAS346,3
AAS355,3
AAS357,3
AAS365,3
AAS370,3
AAS375,3
AAS390,3
AAS395,3
AAS400,4
AAS402,4
AAS435,4
AAS464,4
AAS465,4
AAS479,4
AAS490,4
AAS494,3
AAS495,4
AAS496,3
AAS501,4
AAS539,4
AAS561,4
AAS589,4
AAS590,4
AAS594,4
AAS596,4
ABE127,2
ABE128,3
ABE152,3
ABE199,5
ABE227,3
ABE228,3
ABE232,3
ABE340,3
ABE341,3
ABE361,3
ABE397,4
ABE398,3
ABE425,4
ABE426,4
ABE430,2
ABE436,4
ABE445,4
ABE446,4
ABE450,3
ABE451,3
ABE452,4
ABE454,3
ABE455,2
ABE456,4
ABE457,2
ABE458,2
ABE459,4
ABE466,3
ABE469,4
ABE476,4
ABE482,3
ABE483,3
ABE488,4
ABE497,4
ABE498,4
ABE501,1
ABE502,1
ABE503,1
ABE526,4
ABE532,4
ABE594,0
ABE597,4
ABE598,4
ABE599,16
ACCY199,5
ACCY200,3
ACCY201,3
ACCY202,3
ACCY290,3
ACCY301,3
ACCY302,3
ACCY303,3
ACCY304,3
ACCY312,3
ACCY321,3
ACCY375,1
ACCY398,16
ACCY405,3
ACCY410,4
ACCY415,3
ACCY419,4
ACCY449,2
ACCY451,4
ACCY499,4
ACCY500,4
ACCY501,4
ACCY502,4
ACCY503,4
ACCY504,4
ACCY505,4
ACCY506,4
ACCY507,4
ACCY510,4
ACCY511,4
ACCY512,4
ACCY515,4
ACCY516,4
ACCY517,4
ACCY518,4
ACCY519,4
ACCY531,4
ACCY532,4
ACCY550,2
ACCY551,4
ACCY552,4
ACCY553,4
ACCY554,4
ACCY555,2
ACCY556,4
ACCY557,2
ACCY558,4
ACCY559,2
ACCY561,4
ACCY562,2
ACCY563,2
ACCY564,2
ACCY569,2
ACCY570,4
ACCY571,4
ACCY574,4
ACCY575,4
ACCY576,2
ACCY577,2
ACCY578,1
ACCY585,4
ACCY590,4
ACCY592,4
ACCY593,8
ACCY594,4
ACCY595,4
ACCY599,16
ACE100,4
ACE123,2
ACE161,3
ACE199,5
ACE203,3
ACE210,3
ACE220,3
ACE221,2
ACE222,3
ACE231,3
ACE232,3
ACE240,3
ACE241,3
ACE242,2
ACE243,3
ACE251,3
ACE254,3
ACE255,3
ACE262,3
ACE264,3
ACE270,3
ACE291,3
ACE292,3
ACE293,4
ACE294,4
ACE295,4
ACE300,3
ACE306,3
ACE310,3
ACE321,3
ACE335,3
ACE341,2
ACE344,3
ACE345,3
ACE346,3
ACE349,3
ACE360,2
ACE396,4
ACE398,3
ACE403,4
ACE406,4
ACE410,4
ACE411,4
ACE417,4
ACE427,3
ACE428,3
ACE430,3
ACE431,3
ACE432,4
ACE435,3
ACE436,4
ACE440,4
ACE441,3
ACE444,4
ACE445,4
ACE446,2
ACE449,4
ACE451,4
ACE452,4
ACE455,3
ACE456,4
ACE471,3
ACE474,4
ACE476,4
ACE499,4
ACE500,4
ACE501,4
ACE502,4
ACE503,4
ACE504,4
ACE505,4
ACE510,4
ACE516,4
ACE520,4
ACE527,4
ACE528,4
ACE530,4
ACE531,2
ACE532,4
ACE542,4
ACE544,4
ACE545,4
ACE546,2
ACE547,2
ACE557,2
ACE559,2
ACE561,4
ACE562,2
ACE563,2
ACE564,2
ACE569,1
ACE571,2
ACE580,4
ACE581,4
ACE582,4
ACE591,8
ACE592,8
ACE594,8
ACE599,16
ACES101,2
ACES102,3
ACES179,3
ACES199,5
ACES200,0
ACES293,5
ACES295,4
ACES298,9
ACES299,18
ACES396,2
ACES399,1
ACES499,4
ADV150,3
ADV175,3
ADV199,5
ADV200,3
ADV201,3
ADV212,3
ADV222,3
ADV250,3
ADV270,3
ADV280,3
ADV281,3
ADV284,3
ADV290,3
ADV301,3
ADV305,3
ADV310,3
ADV311,3
ADV314,3
ADV320,3
ADV333,3
ADV350,3
ADV360,3
ADV370,3
ADV376,3
ADV378,3
ADV390,3
ADV392,6
ADV393,3
ADV396,3
ADV399,5
ADV400,3
ADV409,3
ADV410,3
ADV452,4
ADV454,3
ADV461,3
ADV462,4
ADV475,3
ADV476,3
ADV478,3
ADV480,3
ADV482,3
ADV483,3
ADV484,3
ADV490,3
ADV491,3
ADV492,3
ADV494,3
ADV495,1
ADV496,3
ADV497,1
ADV498,3
ADV509,3
ADV550,3
ADV580,3
ADV581,3
ADV582,3
ADV587,3
ADV588,3
ADV590,4
ADV594,4
ADV597,1
ADV598,6
ADV599,6
AE100,2
AE140,2
AE199,5
AE202,3
AE298,4
AE302,3
AE311,3
AE312,3
AE321,3
AE323,3
AE352,3
AE353,3
AE370,3
AE395,4
AE396,4
AE397,3
AE398,4
AE402,4
AE403,4
AE410,4
AE412,4
AE416,4
AE419,4
AE420,4
AE428,3
AE433,4
AE434,4
AE435,4
AE442,3
AE443,3
AE451,4
AE452,4
AE454,4
AE456,4
AE460,2
AE461,2
AE468,3
AE480,4
AE482,4
AE483,2
AE484,3
AE485,4
AE497,4
AE498,4
AE502,4
AE504,4
AE508,4
AE510,4
AE511,4
AE512,4
AE514,4
AE515,4
AE521,4
AE522,4
AE523,4
AE524,4
AE525,4
AE526,4
AE527,4
AE528,4
AE529,4
AE538,4
AE542,4
AE543,4
AE550,4
AE551,4
AE554,4
AE555,4
AE556,4
AE560,4
AE564,4
AE590,0
AE597,4
AE598,4
AE599,16
AFAS102,0
AFAS111,1
AFAS112,1
AFAS120,3
AFAS221,1
AFAS222,1
AFAS331,3
AFAS332,3
AFAS341,3
AFAS342,3
AFRO100,3
AFRO101,3
AFRO103,3
AFRO105,3
AFRO106,3
AFRO122,3
AFRO132,3
AFRO134,3
AFRO199,5
AFRO201,3
AFRO211,3
AFRO212,3
AFRO215,3
AFRO220,3
AFRO221,3
AFRO224,3
AFRO226,3
AFRO227,3
AFRO228,3
AFRO231,3
AFRO234,3
AFRO243,3
AFRO250,3
AFRO259,3
AFRO260,3
AFRO261,3
AFRO275,3
AFRO276,3
AFRO281,3
AFRO287,3
AFRO290,3
AFRO298,3
AFRO310,4
AFRO312,3
AFRO315,3
AFRO340,3
AFRO341,3
AFRO342,3
AFRO343,3
AFRO345,3
AFRO372,3
AFRO373,3
AFRO378,3
AFRO380,3
AFRO381,3
AFRO382,3
AFRO383,3
AFRO398,3
AFRO400,4
AFRO407,4
AFRO410,3
AFRO411,4
AFRO415,4
AFRO421,4
AFRO435,4
AFRO460,4
AFRO465,4
AFRO466,4
AFRO474,4
AFRO481,4
AFRO482,4
AFRO490,4
AFRO495,3
AFRO498,4
AFRO500,4
AFRO501,4
AFRO502,4
AFRO504,4
AFRO531,4
AFRO552,4
AFRO560,4
AFRO595,4
AFRO597,4
AFRO598,4
AFRO599,16
AFST103,3
AFST111,3
AFST112,3
AFST199,5
AFST209,3
AFST210,3
AFST213,3
AFST222,3
AFST231,5
AFST232,5
AFST233,3
AFST241,5
AFST242,5
AFST243,3
AFST251,5
AFST252,5
AFST254,3
AFST312,3
AFST313,3
AFST325,3
AFST338,3
AFST405,3
AFST406,3
AFST407,4
AFST408,4
AFST410,4
AFST412,4
AFST418,3
AFST420,4
AFST421,4
AFST433,4
AFST434,4
AFST435,3
AFST436,3
AFST443,4
AFST444,4
AFST445,3
AFST446,3
AFST447,3
AFST451,4
AFST452,4
AFST453,3
AFST454,3
AFST469,4
AFST490,4
AFST495,4
AFST509,4
AFST510,4
AFST511,4
AFST515,2
AFST522,4
AFST550,4
AFST555,4
AFST560,4
AFST599,8
AGCM199,5
AGCM220,3
AGCM230,3
AGCM250,2
AGCM270,3
AGCM310,3
AGCM315,3
AGCM330,3
AGCM375,3
AGCM380,3
AGCM398,3
AGCM420,3
AGCM440,3
AGCM495,3
AGCM499,4
AGED199,5
AGED220,3
AGED250,4
AGED293,6
AGED295,4
AGED350,3
AGED396,4
AGED410,2
AGED420,3
AGED421,3
AGED430,4
AGED450,4
AGED496,2
AGED498,1
AGED499,4
AGED500,4
AGED501,3
AGED510,4
AGED511,1
AGED550,2
AGED551,2
AHS125,1
AHS199,6
AHS292,18
AHS294,0
AHS399,6
AHS494,4
AIS101,3
AIS102,3
AIS140,3
AIS165,3
AIS199,5
AIS214,3
AIS265,3
AIS275,3
AIS277,3
AIS278,3
AIS280,3
AIS285,3
AIS288,3
AIS291,6
AIS295,3
AIS343,3
AIS357,3
AIS430,4
AIS451,4
AIS459,4
AIS461,4
AIS481,4
AIS490,4
AIS491,8
AIS501,4
AIS502,4
AIS503,4
AIS590,4
AIS591,8
ALEC110,3
ALEC115,3
ALEC293,3
ALEC294,4
ALEC295,3
ALEC393,6
ALEC396,4
ALEC398,3
ALEC451,2
ALEC490,1
ALEC491,1
ALEC492,1
ALEC494,4
ALEC499,4
ALEC500,3
ALEC505,3
ALEC510,3
ALEC540,3
ALEC545,3
ALEC549,4
ALEC595,3
ALEC599,8
ANSC100,4
ANSC101,3
ANSC103,2
ANSC110,3
ANSC120,3
ANSC198,2
ANSC199,5
ANSC201,3
ANSC204,2
ANSC205,3
ANSC206,3
ANSC207,3
ANSC210,2
ANSC211,3
ANSC215,2
ANSC221,3
ANSC222,3
ANSC223,3
ANSC224,4
ANSC250,3
ANSC251,3
ANSC255,3
ANSC256,3
ANSC298,1
ANSC301,3
ANSC305,3
ANSC306,3
ANSC307,3
ANSC309,2
ANSC310,3
ANSC312,3
ANSC313,2
ANSC314,2
ANSC322,3
ANSC350,3
ANSC363,4
ANSC366,3
ANSC370,2
ANSC398,5
ANSC400,3
ANSC401,3
ANSC402,3
ANSC403,3
ANSC404,3
ANSC406,3
ANSC407,3
ANSC409,3
ANSC420,3
ANSC421,3
ANSC422,3
ANSC424,3
ANSC431,3
ANSC435,2
ANSC438,4
ANSC440,4
ANSC441,4
ANSC442,2
ANSC444,3
ANSC445,4
ANSC446,4
ANSC449,4
ANSC450,4
ANSC451,3
ANSC452,4
ANSC454,3
ANSC460,3
ANSC464,3
ANSC467,3
ANSC470,2
ANSC471,3
ANSC480,3
ANSC498,2
ANSC499,4
ANSC500,4
ANSC501,4
ANSC502,4
ANSC509,2
ANSC520,3
ANSC521,4
ANSC522,3
ANSC523,3
ANSC524,2
ANSC525,3
ANSC526,3
ANSC533,3
ANSC541,4
ANSC542,4
ANSC543,4
ANSC545,4
ANSC580,3
ANSC590,2
ANSC591,2
ANSC592,4
ANSC593,8
ANSC599,16
ANTH101,3
ANTH102,3
ANTH103,3
ANTH104,3
ANTH105,3
ANTH106,3
ANTH108,3
ANTH109,3
ANTH110,3
ANTH126,3
ANTH130,3
ANTH143,3
ANTH157,3
ANTH160,3
ANTH165,3
ANTH175,3
ANTH180,3
ANTH182,4
ANTH199,5
ANTH209,3
ANTH210,3
ANTH220,3
ANTH221,3
ANTH222,3
ANTH230,3
ANTH240,3
ANTH241,3
ANTH242,3
ANTH243,3
ANTH246,4
ANTH247,3
ANTH248,3
ANTH249,3
ANTH250,3
ANTH258,3
ANTH259,3
ANTH261,3
ANTH262,3
ANTH263,3
ANTH268,3
ANTH270,3
ANTH272,3
ANTH278,3
ANTH279,3
ANTH280,3
ANTH285,3
ANTH287,3
ANTH288,3
ANTH290,3
ANTH310,3
ANTH315,3
ANTH339,3
ANTH340,3
ANTH341,3
ANTH342,3
ANTH343,3
ANTH346,3
ANTH347,3
ANTH350,3
ANTH351,3
ANTH352,3
ANTH353,3
ANTH358,3
ANTH360,3
ANTH361,3
ANTH363,3
ANTH364,3
ANTH368,3
ANTH370,3
ANTH372,3
ANTH374,3
ANTH375,3
ANTH379,3
ANTH387,3
ANTH390,4
ANTH399,3
ANTH402,4
ANTH403,4
ANTH404,4
ANTH405,4
ANTH407,4
ANTH408,4
ANTH411,4
ANTH414,4
ANTH416,3
ANTH420,4
ANTH421,4
ANTH423,4
ANTH425,4
ANTH430,4
ANTH432,3
ANTH433,4
ANTH435,4
ANTH436,3
ANTH437,4
ANTH438,4
ANTH440,4
ANTH441,4
ANTH443,4
ANTH444,4
ANTH445,4
ANTH447,3
ANTH448,4
ANTH449,4
ANTH450,4
ANTH451,4
ANTH452,4
ANTH453,4
ANTH454,4
ANTH455,4
ANTH456,4
ANTH459,3
ANTH460,4
ANTH461,4
ANTH462,4
ANTH463,4
ANTH464,4
ANTH466,4
ANTH467,4
ANTH468,4
ANTH470,4
ANTH471,4
ANTH472,4
ANTH477,4
ANTH479,4
ANTH481,4
ANTH485,4
ANTH488,4
ANTH494,4
ANTH495,4
ANTH496,4
ANTH497,4
ANTH498,3
ANTH499,4
ANTH503,4
ANTH504,4
ANTH511,4
ANTH512,4
ANTH514,4
ANTH515,4
ANTH518,4
ANTH523,4
ANTH532,4
ANTH540,4
ANTH552,4
ANTH555,4
ANTH557,4
ANTH558,4
ANTH560,4
ANTH561,4
ANTH565,4
ANTH570,4
ANTH589,4
ANTH590,16
ANTH594,4
ANTH599,16
ARAB150,3
ARAB199,5
ARAB201,5
ARAB202,5
ARAB210,4
ARAB211,4
ARAB403,4
ARAB404,4
ARAB405,3
ARAB406,3
ARAB407,3
ARAB408,3
ARAB409,4
ARAB410,4
ARAB412,4
ARAB413,4
ARAB490,4
ARCH101,2
ARCH171,3
ARCH172,3
ARCH199,5
ARCH210,3
ARCH222,3
ARCH231,4
ARCH232,4
ARCH237,3
ARCH273,4
ARCH274,4
ARCH314,4
ARCH315,3
ARCH321,3
ARCH371,6
ARCH372,6
ARCH401,4
ARCH402,3
ARCH403,3
ARCH407,3
ARCH409,3
ARCH410,3
ARCH411,3
ARCH412,3
ARCH414,3
ARCH415,3
ARCH416,3
ARCH417,3
ARCH418,3
ARCH419,3
ARCH424,3
ARCH433,4
ARCH434,5
ARCH435,4
ARCH468,3
ARCH471,6
ARCH472,6
ARCH473,6
ARCH474,6
ARCH481,3
ARCH482,3
ARCH483,3
ARCH484,3
ARCH490,4
ARCH491,0
ARCH498,4
ARCH499,12
ARCH501,3
ARCH510,4
ARCH511,3
ARCH512,3
ARCH513,3
ARCH515,4
ARCH516,3
ARCH517,3
ARCH518,3
ARCH519,4
ARCH521,4
ARCH522,4
ARCH525,4
ARCH530,3
ARCH534,3
ARCH535,4
ARCH536,4
ARCH537,4
ARCH538,4
ARCH545,4
ARCH550,4
ARCH551,4
ARCH552,3
ARCH553,3
ARCH554,3
ARCH555,3
ARCH556,4
ARCH557,3
ARCH558,3
ARCH560,3
ARCH563,4
ARCH571,6
ARCH572,6
ARCH573,6
ARCH574,6
ARCH575,6
ARCH576,3
ARCH577,4
ARCH588,4
ARCH589,1
ARCH590,8
ARCH591,4
ARCH592,4
ARCH593,4
ARCH594,4
ARCH595,4
ARCH596,4
ARCH597,4
ARCH598,0
ARCH599,16
ART100,3
ART102,3
ART103,3
ART104,3
ART140,3
ART150,2
ART151,3
ART152,3
ART153,2
ART154,2
ART155,3
ART156,2
ART160,3
ART191,3
ART199,5
ART201,2
ART205,3
ART208,3
ART210,3
ART221,3
ART299,3
ART310,3
ART350,3
ART499,4
ART550,4
ART594,1
ARTD101,3
ARTD151,3
ARTD201,4
ARTD202,4
ARTD216,3
ARTD217,3
ARTD218,3
ARTD222,3
ARTD225,3
ARTD228,3
ARTD230,3
ARTD240,3
ARTD251,2
ARTD270,2
ARTD299,5
ARTD301,4
ARTD302,4
ARTD317,3
ARTD318,2
ARTD326,3
ARTD328,3
ARTD333,3
ARTD351,4
ARTD371,2
ARTD391,4
ARTD399,4
ARTD401,4
ARTD402,4
ARTD418,3
ARTD420,4
ARTD426,3
ARTD444,4
ARTD445,4
ARTD448,3
ARTD451,4
ARTD452,4
ARTD471,3
ARTD499,4
ARTD501,6
ARTD502,6
ARTD503,6
ARTD504,6
ARTD505,6
ARTD506,6
ARTD510,4
ARTD511,4
ARTD551,4
ARTD570,4
ARTD591,8
ARTD595,4
ARTD599,12
ARTE101,2
ARTE201,3
ARTE202,3
ARTE260,3
ARTE299,3
ARTE301,3
ARTE303,3
ARTE304,2
ARTE355,3
ARTE391,4
ARTE393,3
ARTE400,3
ARTE401,4
ARTE475,4
ARTE480,4
ARTE501,4
ARTE502,4
ARTE505,4
ARTE506,4
ARTE591,8
ARTE593,4
ARTE599,16
ARTF101,2
ARTF102,3
ARTF103,3
ARTF104,3
ARTF105,3
ARTF106,3
ARTF199,5
ARTF201,2
ARTF301,3
ARTH110,3
ARTH111,4
ARTH112,4
ARTH211,3
ARTH212,3
ARTH214,3
ARTH215,3
ARTH218,3
ARTH219,3
ARTH220,3
ARTH222,3
ARTH230,3
ARTH231,3
ARTH235,3
ARTH240,3
ARTH241,3
ARTH242,3
ARTH250,3
ARTH257,3
ARTH260,3
ARTH299,3
ARTH300,3
ARTH310,3
ARTH312,3
ARTH313,3
ARTH320,3
ARTH342,3
ARTH343,3
ARTH344,3
ARTH345,3
ARTH350,3
ARTH351,3
ARTH360,3
ARTH361,3
ARTH391,4
ARTH402,4
ARTH403,4
ARTH404,3
ARTH410,4
ARTH413,4
ARTH415,3
ARTH416,3
ARTH423,4
ARTH424,4
ARTH430,4
ARTH431,4
ARTH432,4
ARTH433,4
ARTH435,4
ARTH436,4
ARTH440,4
ARTH443,4
ARTH445,4
ARTH447,4
ARTH450,3
ARTH460,4
ARTH462,4
ARTH489,5
ARTH490,5
ARTH491,4
ARTH495,3
ARTH500,2
ARTH501,4
ARTH510,4
ARTH515,4
ARTH520,4
ARTH522,4
ARTH530,4
ARTH531,4
ARTH535,4
ARTH539,4
ARTH540,4
ARTH541,4
ARTH545,4
ARTH546,4
ARTH550,4
ARTH560,4
ARTH591,4
ARTH593,4
ARTH599,16
ARTJ101,2
ARTJ199,3
ARTJ209,3
ARTJ299,3
ARTJ301,3
ARTJ302,3
ARTJ391,4
ARTJ397,3
ARTJ398,3
ARTJ399,3
ARTJ591,4
ARTS200,3
ARTS201,3
ARTS205,3
ARTS210,3
ARTS220,3
ARTS221,3
ARTS223,3
ARTS230,3
ARTS241,3
ARTS243,3
ARTS244,3
ARTS245,3
ARTS250,3
ARTS251,3
ARTS252,3
ARTS264,3
ARTS265,3
ARTS266,3
ARTS267,3
ARTS280,3
ARTS299,3
ARTS310,3
ARTS320,3
ARTS321,3
ARTS340,3
ARTS350,3
ARTS351,3
ARTS352,3
ARTS354,3
ARTS355,3
ARTS364,3
ARTS365,3
ARTS367,3
ARTS381,3
ARTS391,4
ARTS392,3
ARTS394,3
ARTS399,4
ARTS400,4
ARTS405,4
ARTS410,4
ARTS420,3
ARTS443,4
ARTS444,4
ARTS445,4
ARTS446,4
ARTS448,4
ARTS449,3
ARTS450,3
ARTS451,4
ARTS454,3
ARTS455,3
ARTS456,3
ARTS457,3
ARTS461,3
ARTS465,3
ARTS499,4
ARTS591,4
ARTS593,4
ARTS594,4
ARTS595,4
ASRM101,1
ASRM195,3
ASRM199,5
ASRM210,3
ASRM390,3
ASRM392,1
ASRM398,0
ASRM401,4
ASRM402,4
ASRM406,4
ASRM409,4
ASRM410,4
ASRM441,4
ASRM442,4
ASRM450,4
ASRM451,4
ASRM453,4
ASRM454,4
ASRM455,4
ASRM461,4
ASRM462,4
ASRM469,4
ASRM471,4
ASRM472,3
ASRM490,4
ASRM499,4
ASRM510,4
ASRM533,4
ASRM539,2
ASRM551,4
ASRM555,4
ASRM561,4
ASRM569,4
ASRM575,4
ASRM593,0
ASRM595,4
ASRM597,8
ASRM598,4
ASRM599,16
ASST104,3
ASST199,5
ASST208,3
ASST325,3
ASST346,3
ASST347,3
ASST390,4
ASST391,4
ASST402,4
ASTR100,3
ASTR121,3
ASTR122,3
ASTR150,3
ASTR199,5
ASTR210,3
ASTR310,3
ASTR330,3
ASTR350,3
ASTR390,4
ASTR401,3
ASTR404,3
ASTR405,3
ASTR406,3
ASTR414,4
ASTR490,3
ASTR496,4
ASTR499,2
ASTR501,4
ASTR502,4
ASTR503,4
ASTR504,4
ASTR505,4
ASTR506,4
ASTR507,4
ASTR510,4
ASTR515,4
ASTR516,4
ASTR540,4
ASTR541,4
ASTR590,16
ASTR593,0
ASTR596,16
ASTR599,16
ATMS100,3
ATMS120,3
ATMS140,3
ATMS180,0
ATMS199,5
ATMS201,3
ATMS202,3
ATMS207,3
ATMS301,3
ATMS302,3
ATMS303,4
ATMS304,3
ATMS305,3
ATMS306,3
ATMS307,3
ATMS312,3
ATMS313,4
ATMS314,3
ATMS315,3
ATMS322,3
ATMS323,3
ATMS324,2
ATMS371,0
ATMS380,3
ATMS390,4
ATMS391,3
ATMS401,3
ATMS402,4
ATMS404,4
ATMS405,4
ATMS406,4
ATMS407,4
ATMS410,4
ATMS411,4
ATMS413,4
ATMS417,4
ATMS420,4
ATMS421,4
ATMS423,4
ATMS424,4
ATMS446,4
ATMS447,3
ATMS449,4
ATMS490,4
ATMS491,4
ATMS492,4
ATMS500,4
ATMS502,4
ATMS505,4
ATMS507,4
ATMS510,4
ATMS511,4
ATMS512,4
ATMS514,4
ATMS517,4
ATMS520,4
ATMS521,4
ATMS523,4
ATMS526,4
ATMS535,4
ATMS571,1
ATMS590,4
ATMS591,0
ATMS596,4
ATMS597,4
ATMS599,16
BADM199,5
BADM205,3
BADM210,3
BADM211,3
BADM261,1
BADM275,3
BADM300,3
BADM303,3
BADM310,3
BADM311,3
BADM312,3
BADM313,3
BADM314,3
BADM320,3
BADM321,3
BADM322,3
BADM323,3
BADM324,3
BADM325,3
BADM326,3
BADM327,3
BADM328,3
BADM329,3
BADM330,3
BADM331,3
BADM332,4
BADM333,4
BADM334,3
BADM335,3
BADM336,3
BADM337,3
BADM338,3
BADM340,3
BADM341,3
BADM346,3
BADM350,3
BADM351,3
BADM352,3
BADM353,3
BADM356,3
BADM357,3
BADM358,3
BADM359,3
BADM360,3
BADM361,3
BADM362,3
BADM365,3
BADM366,3
BADM367,3
BADM370,3
BADM371,3
BADM372,3
BADM373,3
BADM374,3
BADM375,3
BADM377,3
BADM378,3
BADM379,3
BADM380,3
BADM381,3
BADM382,3
BADM383,3
BADM394,4
BADM395,4
BADM403,4
BADM420,3
BADM438,3
BADM440,4
BADM445,4
BADM446,4
BADM447,4
BADM449,3
BADM453,3
BADM458,4
BADM460,3
BADM461,4
BADM463,3
BADM464,3
BADM501,4
BADM502,2
BADM503,2
BADM504,2
BADM507,4
BADM508,4
BADM509,4
BADM510,4
BADM512,4
BADM513,2
BADM514,2
BADM515,4
BADM519,4
BADM520,4
BADM521,4
BADM522,4
BADM523,4
BADM524,4
BADM525,4
BADM526,4
BADM527,4
BADM528,4
BADM529,4
BADM531,4
BADM532,4
BADM533,4
BADM535,2
BADM537,4
BADM538,4
BADM539,4
BADM540,1
BADM541,4
BADM543,4
BADM544,4
BADM545,2
BADM546,2
BADM547,2
BADM548,2
BADM549,2
BADM550,4
BADM551,2
BADM552,4
BADM553,4
BADM554,4
BADM555,4
BADM557,4
BADM558,4
BADM559,4
BADM561,2
BADM562,4
BADM563,4
BADM564,4
BADM565,4
BADM566,4
BADM567,4
BADM569,4
BADM571,2
BADM572,4
BADM573,4
BADM574,2
BADM575,4
BADM576,4
BADM577,4
BADM582,4
BADM583,4
BADM584,4
BADM586,4
BADM588,4
BADM589,4
BADM590,4
BADM591,4
BADM593,8
BADM594,4
BADM595,2
BADM599,16
BASQ401,3
BASQ402,3
BCOG100,3
BCOG200,4
BCOG301,3
BCOG458,3
BCOG492,3
BCS101,4
BCS102,4
BCS115,3
BCS199,5
BCS201,4
BCS202,4
BCS215,3
BCS301,3
BCS302,3
BDI199,5
BDI367,3
BDI411,4
BDI475,3
BDI477,4
BDI513,4
BDI577,4
BDI593,8
BIOC190,1
BIOC199,5
BIOC290,5
BIOC406,3
BIOC446,3
BIOC455,4
BIOC460,3
BIOC492,6
BIOC555,2
BIOC590,16
BIOC595,1
BIOC599,16
BIOE100,1
BIOE120,1
BIOE198,3
BIOE199,5
BIOE200,1
BIOE201,3
BIOE202,2
BIOE205,3
BIOE206,3
BIOE210,3
BIOE297,4
BIOE298,4
BIOE302,3
BIOE303,2
BIOE306,3
BIOE310,3
BIOE360,3
BIOE380,3
BIOE397,4
BIOE398,4
BIOE400,4
BIOE404,4
BIOE414,3
BIOE415,2
BIOE416,3
BIOE420,3
BIOE424,4
BIOE427,3
BIOE430,4
BIOE432,4
BIOE434,4
BIOE450,4
BIOE460,3
BIOE461,4
BIOE467,3
BIOE476,3
BIOE479,3
BIOE480,4
BIOE481,4
BIOE482,4
BIOE483,4
BIOE484,4
BIOE485,4
BIOE486,4
BIOE487,4
BIOE488,3
BIOE489,4
BIOE497,4
BIOE498,4
BIOE499,5
BIOE500,1
BIOE501,1
BIOE502,2
BIOE504,4
BIOE505,4
BIOE507,4
BIOE510,4
BIOE516,4
BIOE526,4
BIOE570,1
BIOE571,4
BIOE572,4
BIOE573,4
BIOE574,4
BIOE575,3
BIOE580,4
BIOE586,4
BIOE588,1
BIOE589,4
BIOE597,8
BIOE598,4
BIOE599,16
BIOL599,16
BIOP401,3
BIOP419,3
BIOP432,3
BIOP550,4
BIOP576,4
BIOP581,2
BIOP582,2
BIOP583,2
BIOP586,4
BIOP590,10
BIOP595,2
BIOP599,16
BSE600,3
BSE602,4
BSE612,13
BSE631,4
BSE632,3
BSE633,3
BSE634,5
BSE635,4
BSE636,5
BSE638,10
BSE642,6
BSE644,4
BSE645,6
BSE655,16
BSE660,16
BSE666,0
BSE680,6
BSE685,4
BSE686,4
BSE700,4
BSE701,2
BSE702,2
BSE703,2
BSE704,2
BSE705,4
BSE706,4
BSE707,4
BSE708,2
BSE709,2
BSE710,2
BSE711,2
BSE712,4
BSE720,4
BSE721,4
BSE730,2
BSE732,4
BSE733,1
BSE734,2
BSE735,1
BSE736,4
BSE737,1
BSE738,4
BSE739,16
BSE740,4
BSE741,4
BSE742,1
BSE743,1
BSE744,2
BSE745,2
BSE770,16
BSE799,8
BTW199,5
BTW250,3
BTW261,3
BTW263,3
BTW271,3
BTW279,1
BTW280,3
BTW285,3
BTW290,3
BTW380,3
BTW402,4
BTW490,4
BULG481,3
BULG482,4
BUS101,3
BUS115,1
BUS116,2
BUS199,5
BUS201,3
BUS215,1
BUS299,0
BUS301,3
BUS302,1
BUS315,1
BUS399,18
BUS401,3
BUS402,3
BUS415,1
CAS587,4
CATL401,3
CATL402,3
CB290,10
CB420,1
CB449,3
CB467,2
CB514,3
CB516,3
CB520,2
CB533,3
CB550,4
CB551,1
CB552,1
CB554,3
CB564,3
CB590,1
CB591,1
CB592,12
CB594,4
CB596,1
CB599,16
CB646,1
CB692,6
CDB590,16
CDB595,1
CDB599,16
CEE190,4
CEE198,4
CEE199,5
CEE201,3
CEE202,3
CEE300,4
CEE310,3
CEE320,3
CEE330,3
CEE331,4
CEE340,3
CEE350,3
CEE360,3
CEE380,3
CEE398,4
CEE401,4
CEE405,4
CEE406,4
CEE407,4
CEE408,4
CEE409,4
CEE410,4
CEE411,4
CEE412,4
CEE415,4
CEE416,4
CEE417,4
CEE418,4
CEE419,4
CEE420,4
CEE421,4
CEE422,4
CEE432,4
CEE433,4
CEE434,3
CEE435,4
CEE437,3
CEE438,3
CEE440,4
CEE441,4
CEE442,4
CEE443,4
CEE444,4
CEE447,4
CEE449,3
CEE450,3
CEE451,3
CEE452,3
CEE453,4
CEE457,3
CEE458,4
CEE459,4
CEE460,3
CEE461,3
CEE462,4
CEE463,4
CEE465,3
CEE467,4
CEE468,4
CEE469,4
CEE470,4
CEE471,4
CEE472,4
CEE473,4
CEE474,4
CEE483,4
CEE484,4
CEE490,4
CEE491,4
CEE492,4
CEE493,4
CEE495,0
CEE497,16
CEE498,4
CEE502,4
CEE503,4
CEE504,4
CEE505,4
CEE506,4
CEE508,4
CEE509,4
CEE511,4
CEE512,4
CEE515,4
CEE517,4
CEE521,4
CEE522,4
CEE524,4
CEE525,4
CEE526,4
CEE528,4
CEE534,4
CEE535,4
CEE537,4
CEE538,4
CEE540,4
CEE543,4
CEE544,4
CEE545,4
CEE550,4
CEE551,4
CEE552,4
CEE553,4
CEE554,4
CEE555,4
CEE556,4
CEE557,4
CEE558,4
CEE559,4
CEE560,4
CEE562,4
CEE570,4
CEE571,4
CEE572,4
CEE573,4
CEE574,4
CEE575,4
CEE576,4
CEE577,4
CEE578,4
CEE580,4
CEE581,4
CEE582,4
CEE583,4
CEE585,4
CEE586,4
CEE587,4
CEE588,4
CEE589,4
CEE590,4
CEE591,4
CEE592,4
CEE593,4
CEE595,1
CEE597,16
CEE598,4
CEE599,16
CHBE101,3
CHBE121,1
CHBE199,5
CHBE202,0
CHBE210,0
CHBE221,3
CHBE297,3
CHBE321,4
CHBE397,3
CHBE411,3
CHBE412,3
CHBE413,4
CHBE415,3
CHBE421,4
CHBE422,4
CHBE424,3
CHBE430,4
CHBE431,4
CHBE440,3
CHBE451,3
CHBE452,3
CHBE453,3
CHBE454,2
CHBE455,3
CHBE456,3
CHBE458,3
CHBE459,3
CHBE461,3
CHBE471,4
CHBE472,4
CHBE473,4
CHBE474,4
CHBE475,3
CHBE476,3
CHBE478,3
CHBE481,3
CHBE494,3
CHBE496,3
CHBE497,3
CHBE499,6
CHBE510,0
CHBE513,4
CHBE516,4
CHBE521,4
CHBE522,4
CHBE523,4
CHBE525,4
CHBE551,4
CHBE553,4
CHBE565,1
CHBE571,4
CHBE572,4
CHBE580,2
CHBE593,4
CHBE594,4
CHBE597,16
CHBE598,4
CHBE599,16
CHEM101,3
CHEM102,3
CHEM103,1
CHEM104,3
CHEM105,1
CHEM108,3
CHEM150,1
CHEM197,2
CHEM199,5
CHEM202,3
CHEM203,2
CHEM204,3
CHEM205,2
CHEM222,2
CHEM223,2
CHEM232,4
CHEM233,2
CHEM236,4
CHEM237,2
CHEM293,0
CHEM295,0
CHEM297,3
CHEM312,3
CHEM315,2
CHEM317,3
CHEM332,4
CHEM360,3
CHEM397,3
CHEM420,2
CHEM436,3
CHEM437,3
CHEM440,4
CHEM442,4
CHEM444,4
CHEM445,2
CHEM447,2
CHEM452,4
CHEM460,4
CHEM472,3
CHEM480,4
CHEM482,4
CHEM483,4
CHEM488,4
CHEM492,3
CHEM494,1
CHEM495,4
CHEM497,3
CHEM499,6
CHEM512,4
CHEM515,1
CHEM516,4
CHEM517,3
CHEM518,4
CHEM520,4
CHEM522,4
CHEM524,4
CHEM525,1
CHEM530,4
CHEM532,4
CHEM534,4
CHEM535,1
CHEM538,4
CHEM540,4
CHEM542,4
CHEM544,4
CHEM545,1
CHEM546,4
CHEM548,4
CHEM550,4
CHEM570,4
CHEM572,4
CHEM575,1
CHEM576,4
CHEM582,4
CHEM584,4
CHEM585,1
CHEM586,4
CHEM588,4
CHEM590,4
CHEM591,1
CHEM592,1
CHEM593,1
CHEM595,0
CHEM599,16
CHIN199,5
CHIN201,5
CHIN202,5
CHIN203,5
CHIN204,5
CHIN241,4
CHIN242,4
CHIN305,5
CHIN306,5
CHIN407,4
CHIN408,4
CHIN409,4
CHIN440,4
CHIN441,4
CHIN490,4
CHIN499,18
CHLH336,3
CHLH390,2
CHLH473,4
CHP199,6
CHP395,3
CHP396,3
CIC390,18
CIC500,20
CI199,5
CI205,1
CI210,3
CI211,3
CI260,3
CI312,3
CI317,3
CI355,3
CI380,3
CI395,3
CI401,3
CI402,3
CI403,3
CI404,3
CI405,3
CI406,3
CI407,3
CI410,3
CI415,3
CI420,5
CI421,3
CI422,4
CI424,4
CI425,3
CI430,3
CI431,4
CI432,3
CI433,4
CI434,3
CI435,4
CI436,4
CI437,4
CI438,4
CI439,4
CI441,3
CI442,5
CI443,3
CI444,3
CI445,3
CI446,4
CI447,3
CI448,3
CI449,4
CI450,3
CI451,3
CI452,4
CI453,2
CI454,2
CI455,4
CI456,4
CI465,3
CI466,3
CI467,3
CI468,3
CI471,4
CI472,4
CI473,3
CI474,3
CI475,4
CI476,3
CI477,4
CI479,4
CI480,4
CI482,4
CI483,2
CI485,4
CI486,4
CI487,4
CI488,4
CI489,4
CI491,4
CI492,2
CI499,4
CI501,4
CI502,4
CI503,4
CI504,4
CI505,4
CI506,4
CI507,4
CI508,4
CI509,4
CI511,4
CI512,4
CI513,4
CI516,4
CI517,4
CI518,4
CI519,4
CI520,4
CI521,4
CI522,4
CI526,4
CI530,4
CI532,4
CI533,4
CI534,4
CI535,4
CI536,4
CI537,4
CI538,4
CI539,4
CI540,4
CI541,4
CI542,4
CI543,4
CI544,4
CI545,4
CI546,2
CI547,4
CI548,2
CI550,4
CI552,4
CI554,4
CI555,4
CI556,4
CI557,4
CI558,4
CI560,4
CI561,4
CI562,4
CI563,4
CI565,4
CI566,4
CI567,4
CI568,4
CI569,4
CI570,4
CI573,4
CI575,4
CI576,4
CI577,4
CI578,4
CI580,4
CI582,4
CI584,4
CI585,4
CI586,4
CI587,4
CI590,8
CI591,8
CI592,2
CI595,4
CI599,16
CLCV100,3
CLCV102,3
CLCV111,2
CLCV114,3
CLCV115,3
CLCV116,3
CLCV120,3
CLCV131,3
CLCV132,3
CLCV133,3
CLCV160,3
CLCV199,5
CLCV203,4
CLCV206,3
CLCV217,3
CLCV220,3
CLCV221,3
CLCV222,3
CLCV224,3
CLCV225,3
CLCV230,3
CLCV231,3
CLCV232,3
CLCV240,3
CLCV250,3
CLCV323,3
CLCV410,3
CLCV411,3
CLCV430,4
CLCV440,4
CLCV443,3
CLCV444,3
CLCV450,4
CLCV490,4
CLCV491,4
CLCV492,4
CLCV493,4
CLCV515,4
CLCV520,4
CLCV550,4
CLE610,2
CLE613,6
CLE614,2
CLE631,4
CLE640,10
CLE645,10
CLE650,5
CLE655,5
CLE660,5
CLE665,5
CLE670,10
CLE675,4
CLE680,3
CLE681,4
CLE683,4
CLE684,4
CLE685,4
CLE686,4
CLE687,4
CLE688,4
CLE689,4
CLE690,8
CLE692,2
CLE693,16
CLE694,5
CLE695,4
CLE696,4
CLE697,2
CLE698,5
CLE702,2
CLE704,2
CLE706,4
CLE707,2
CLE708,2
CLE710,2
CLE713,2
CLE714,4
CLE715,4
CLE716,2
CLE717,2
CLE718,2
CLE719,2
CLE720,2
CLE721,2
CLE730,2
CLE731,4
CLE732,2
CLE733,4
CLE736,2
CLE737,2
CLE738,2
CLE739,4
CLE740,2
CLE741,4
CLE742,4
CLE743,4
CLE744,2
CLE745,4
CLE746,2
CLE748,4
CLE750,2
CLE751,2
CLE752,4
CLE753,2
CLE764,2
CLE765,2
CLE767,4
CLE770,16
CLE771,2
CLE772,2
CLE773,2
CLE774,2
CLE775,4
CLE776,2
CLE777,2
CLE778,2
CLE779,4
CLE780,2
CLE781,4
CLE782,4
CLE783,4
CLE784,2
CLE786,2
CLE788,2
CLE789,2
CLE790,2
CLE793,2
CLE794,2
CLE795,2
CLE796,2
CLE797,2
CLE798,2
CLE799,8
CMN101,3
CMN102,4
CMN111,3
CMN112,3
CMN199,5
CMN204,3
CMN210,3
CMN211,3
CMN212,3
CMN213,3
CMN214,3
CMN215,3
CMN220,3
CMN230,3
CMN231,3
CMN232,3
CMN250,3
CMN260,3
CMN277,3
CMN280,3
CMN304,3
CMN310,3
CMN312,3
CMN314,3
CMN319,3
CMN321,3
CMN323,3
CMN324,3
CMN325,3
CMN326,3
CMN327,3
CMN328,3
CMN334,3
CMN336,3
CMN338,3
CMN340,3
CMN345,3
CMN357,3
CMN361,3
CMN368,3
CMN375,3
CMN390,3
CMN396,3
CMN410,4
CMN411,4
CMN412,4
CMN413,4
CMN417,4
CMN421,4
CMN423,4
CMN424,4
CMN425,4
CMN429,4
CMN432,4
CMN433,4
CMN435,4
CMN437,4
CMN450,4
CMN462,4
CMN463,4
CMN464,4
CMN465,4
CMN467,4
CMN491,2
CMN493,2
CMN496,4
CMN501,4
CMN502,2
CMN503,2
CMN505,4
CMN507,4
CMN508,4
CMN529,4
CMN538,4
CMN550,1
CMN574,4
CMN575,4
CMN595,12
CMN599,16
CPSC102,2
CPSC103,3
CPSC112,4
CPSC113,3
CPSC116,3
CPSC117,3
CPSC131,3
CPSC180,3
CPSC199,4
CPSC212,4
CPSC213,3
CPSC215,3
CPSC241,3
CPSC261,3
CPSC265,3
CPSC266,4
CPSC270,3
CPSC304,3
CPSC336,3
CPSC352,4
CPSC370,3
CPSC382,4
CPSC393,5
CPSC395,4
CPSC396,4
CPSC407,3
CPSC408,3
CPSC412,3
CPSC413,2
CPSC414,3
CPSC415,3
CPSC416,3
CPSC418,3
CPSC419,1
CPSC426,3
CPSC428,2
CPSC431,3
CPSC433,3
CPSC436,4
CPSC437,3
CPSC438,3
CPSC439,3
CPSC440,4
CPSC444,4
CPSC448,4
CPSC452,3
CPSC453,4
CPSC454,2
CPSC466,2
CPSC473,3
CPSC479,3
CPSC480,3
CPSC481,3
CPSC484,3
CPSC485,3
CPSC486,3
CPSC488,3
CPSC489,3
CPSC491,2
CPSC498,1
CPSC499,4
CPSC501,4
CPSC505,4
CPSC508,2
CPSC518,4
CPSC526,4
CPSC527,3
CPSC538,4
CPSC540,4
CPSC541,4
CPSC543,4
CPSC545,4
CPSC554,3
CPSC555,2
CPSC556,1
CPSC563,3
CPSC565,2
CPSC566,4
CPSC567,4
CPSC569,4
CPSC575,3
CPSC588,4
CPSC591,2
CPSC593,8
CPSC594,1
CPSC598,1
CPSC599,16
CS100,1
CS101,3
CS102,4
CS105,3
CS107,4
CS124,3
CS125,4
CS126,3
CS128,3
CS173,3
CS196,1
CS199,5
CS210,2
CS211,3
CS222,1
CS225,4
CS233,4
CS242,3
CS265,3
CS266,3
CS277,4
CS296,1
CS307,4
CS340,3
CS341,4
CS357,3
CS361,3
CS374,4
CS397,3
CS398,4
CS400,3
CS401,3
CS402,3
CS403,3
CS407,4
CS409,4
CS410,4
CS411,4
CS412,4
CS413,4
CS414,4
CS415,4
CS416,4
CS417,4
CS418,4
CS419,4
CS420,4
CS421,4
CS422,4
CS423,4
CS424,4
CS425,4
CS426,4
CS427,4
CS428,4
CS429,3
CS431,4
CS433,4
CS434,4
CS435,4
CS436,4
CS437,4
CS438,4
CS439,4
CS440,4
CS441,4
CS442,4
CS443,4
CS444,4
CS445,4
CS446,4
CS447,4
CS448,4
CS450,4
CS460,4
CS461,4
CS463,4
CS464,3
CS465,4
CS466,4
CS467,4
CS468,3
CS469,4
CS470,4
CS473,4
CS474,4
CS475,4
CS476,4
CS477,4
CS481,4
CS482,4
CS483,4
CS484,4
CS491,4
CS492,3
CS493,3
CS494,3
CS497,3
CS498,4
CS499,3
CS500,4
CS507,4
CS508,4
CS510,4
CS511,4
CS512,4
CS513,4
CS514,4
CS519,4
CS521,4
CS522,4
CS523,4
CS524,4
CS525,4
CS526,4
CS527,4
CS533,4
CS534,4
CS536,4
CS537,4
CS538,4
CS539,4
CS540,4
CS541,4
CS542,4
CS543,4
CS544,4
CS545,4
CS546,4
CS547,4
CS549,4
CS554,4
CS555,4
CS556,4
CS558,4
CS562,4
CS563,4
CS565,4
CS567,4
CS568,4
CS571,4
CS572,4
CS574,4
CS575,4
CS576,4
CS579,4
CS580,4
CS581,4
CS582,4
CS583,4
CS584,4
CS585,4
CS586,4
CS588,4
CS591,4
CS597,16
CS598,4
CS599,16
CSE198,4
CSE298,4
CSE398,4
CSE401,4
CSE402,4
CSE408,4
CSE412,4
CSE414,4
CSE422,4
CSE423,4
CSE426,4
CSE427,4
CSE428,4
CSE429,4
CSE440,4
CSE441,4
CSE448,4
CSE450,4
CSE451,4
CSE461,4
CSE485,4
CSE498,4
CSE505,4
CSE510,4
CSE511,4
CSE512,4
CSE513,4
CSE517,4
CSE521,4
CSE522,4
CSE525,4
CSE527,4
CSE530,4
CSE532,4
CSE542,4
CSE543,4
CSE551,4
CSE552,4
CSE553,4
CSE554,4
CSE560,4
CSE566,4
CSE576,4
CSE598,4
CW100,3
CW104,3
CW106,3
CW199,5
CW200,3
CW202,3
CW204,3
CW206,3
CW208,3
CW243,3
CW404,4
CW406,4
CW455,4
CW460,3
CW463,4
CW500,4
CW502,4
CW504,4
CW506,4
CW560,4
CW563,4
CW591,4
CW595,12
CWL111,3
CWL112,3
CWL114,3
CWL117,3
CWL119,3
CWL122,3
CWL151,3
CWL189,3
CWL190,3
CWL191,3
CWL199,5
CWL201,3
CWL202,3
CWL204,3
CWL205,3
CWL206,3
CWL207,3
CWL208,3
CWL209,3
CWL210,3
CWL211,3
CWL212,3
CWL215,3
CWL216,3
CWL217,3
CWL218,3
CWL220,3
CWL221,3
CWL223,3
CWL224,3
CWL225,3
CWL226,3
CWL227,3
CWL230,3
CWL240,3
CWL241,3
CWL242,3
CWL245,3
CWL249,3
CWL250,3
CWL251,3
CWL252,3
CWL253,3
CWL254,3
CWL255,3
CWL257,3
CWL259,3
CWL260,3
CWL262,3
CWL263,3
CWL264,3
CWL267,3
CWL269,3
CWL271,3
CWL272,3
CWL273,3
CWL275,3
CWL276,3
CWL277,3
CWL283,3
CWL284,3
CWL308,3
CWL311,3
CWL312,3
CWL317,3
CWL320,3
CWL321,3
CWL322,3
CWL323,3
CWL324,3
CWL325,3
CWL328,3
CWL335,3
CWL350,3
CWL376,3
CWL387,3
CWL389,3
CWL395,3
CWL400,4
CWL410,4
CWL411,4
CWL412,4
CWL413,4
CWL414,4
CWL415,4
CWL417,4
CWL420,4
CWL421,4
CWL430,4
CWL434,4
CWL436,4
CWL440,4
CWL441,4
CWL444,4
CWL450,3
CWL451,4
CWL453,4
CWL457,4
CWL461,4
CWL463,4
CWL466,4
CWL467,4
CWL470,4
CWL471,4
CWL472,4
CWL477,4
CWL478,4
CWL481,4
CWL490,4
CWL493,6
CWL496,4
CWL501,4
CWL502,4
CWL503,4
CWL504,4
CWL511,4
CWL512,4
CWL535,4
CWL551,4
CWL552,4
CWL561,4
CWL562,4
CWL571,4
CWL576,4
CWL578,4
CWL581,4
CWL582,4
CWL586,4
CWL593,4
CWL599,16
CZCH101,4
CZCH102,4
CZCH199,5
CZCH201,4
CZCH202,4
CZCH484,4
DANC100,3
DANC104,2
DANC111,2
DANC116,2
DANC125,3
DANC131,2
DANC150,1
DANC160,3
DANC162,1
DANC199,5
DANC200,3
DANC201,2
DANC209,2
DANC212,1
DANC216,2
DANC220,2
DANC231,2
DANC232,2
DANC240,4
DANC245,1
DANC256,1
DANC258,2
DANC259,2
DANC260,5
DANC262,2
DANC270,1
DANC290,1
DANC301,1
DANC302,1
DANC303,3
DANC316,1
DANC330,1
DANC331,2
DANC340,3
DANC345,3
DANC350,4
DANC355,3
DANC360,5
DANC362,2
DANC363,1
DANC370,1
DANC375,1
DANC401,1
DANC402,3
DANC405,3
DANC420,2
DANC424,2
DANC425,4
DANC426,3
DANC430,1
DANC431,2
DANC440,3
DANC441,3
DANC451,4
DANC455,4
DANC456,1
DANC459,1
DANC460,5
DANC462,2
DANC463,1
DANC464,2
DANC465,3
DANC468,12
DANC470,1
DANC474,2
DANC475,3
DANC476,4
DANC490,2
DANC495,1
DANC496,2
DANC497,2
DANC498,2
DANC499,2
DANC510,4
DANC516,2
DANC520,4
DANC530,3
DANC531,1
DANC532,2
DANC541,2
DANC542,2
DANC550,4
DANC560,4
DANC562,2
DANC598,4
DTX180,1
DTX210,3
DTX252,3
DTX451,4
DTX455,4
DTX495,4
DTX499,4
EALC120,3
EALC122,3
EALC130,3
EALC132,3
EALC199,5
EALC207,3
EALC208,3
EALC212,3
EALC214,3
EALC220,3
EALC221,3
EALC222,3
EALC225,3
EALC226,3
EALC227,3
EALC230,3
EALC240,3
EALC250,3
EALC260,3
EALC275,3
EALC276,3
EALC280,3
EALC285,3
EALC287,3
EALC288,3
EALC305,3
EALC306,3
EALC308,3
EALC320,3
EALC327,3
EALC343,3
EALC344,3
EALC359,3
EALC360,3
EALC361,3
EALC365,3
EALC367,3
EALC369,3
EALC390,4
EALC398,3
EALC402,4
EALC403,4
EALC404,3
EALC411,4
EALC412,4
EALC415,4
EALC420,4
EALC421,4
EALC425,3
EALC426,4
EALC427,4
EALC430,4
EALC466,4
EALC470,4
EALC476,4
EALC484,3
EALC485,4
EALC488,4
EALC490,12
EALC495,4
EALC500,4
EALC501,4
EALC511,4
EALC512,4
EALC520,4
EALC521,4
EALC522,4
EALC526,4
EALC527,4
EALC550,4
EALC560,4
EALC567,4
EALC584,4
EALC588,4
EALC590,12
EALC599,16
ECE101,3
ECE110,3
ECE120,4
ECE198,4
ECE199,5
ECE200,0
ECE205,3
ECE206,1
ECE210,4
ECE211,2
ECE217,1
ECE220,4
ECE297,1
ECE298,4
ECE304,3
ECE307,3
ECE310,3
ECE311,1
ECE313,3
ECE314,1
ECE316,3
ECE317,3
ECE329,3
ECE330,3
ECE333,3
ECE340,3
ECE342,3
ECE343,1
ECE350,3
ECE364,3
ECE365,3
ECE374,4
ECE380,3
ECE385,3
ECE391,4
ECE395,3
ECE396,4
ECE397,4
ECE398,4
ECE401,4
ECE402,3
ECE403,3
ECE406,4
ECE407,4
ECE408,4
ECE410,4
ECE411,4
ECE414,3
ECE415,2
ECE416,3
ECE417,4
ECE418,4
ECE419,4
ECE420,2
ECE421,4
ECE422,4
ECE424,4
ECE425,3
ECE426,4
ECE428,4
ECE431,4
ECE434,4
ECE435,4
ECE437,3
ECE438,4
ECE439,4
ECE441,3
ECE442,4
ECE443,4
ECE444,4
ECE445,4
ECE446,4
ECE447,3
ECE448,4
ECE449,4
ECE451,3
ECE452,3
ECE453,4
ECE454,3
ECE455,4
ECE456,4
ECE457,3
ECE458,3
ECE459,3
ECE460,4
ECE461,3
ECE462,3
ECE463,2
ECE464,3
ECE465,3
ECE466,1
ECE467,3
ECE468,3
ECE469,2
ECE470,4
ECE471,4
ECE472,3
ECE473,4
ECE476,3
ECE478,4
ECE479,4
ECE480,4
ECE481,4
ECE482,3
ECE483,3
ECE484,4
ECE486,4
ECE487,3
ECE488,3
ECE489,4
ECE490,4
ECE491,4
ECE492,4
ECE493,4
ECE494,4
ECE495,3
ECE496,2
ECE498,4
ECE499,2
ECE500,0
ECE508,4
ECE511,4
ECE512,4
ECE513,4
ECE514,4
ECE515,4
ECE517,4
ECE518,4
ECE519,4
ECE520,4
ECE522,4
ECE523,4
ECE524,4
ECE526,4
ECE527,4
ECE528,4
ECE529,4
ECE530,4
ECE531,4
ECE532,4
ECE534,4
ECE535,4
ECE536,4
ECE537,4
ECE538,4
ECE539,4
ECE540,4
ECE541,4
ECE542,4
ECE543,4
ECE544,4
ECE545,4
ECE546,4
ECE547,4
ECE549,4
ECE551,4
ECE552,4
ECE553,4
ECE554,4
ECE555,4
ECE556,4
ECE557,4
ECE558,4
ECE559,4
ECE560,4
ECE561,4
ECE562,4
ECE563,4
ECE564,4
ECE566,4
ECE567,4
ECE568,4
ECE569,4
ECE570,4
ECE571,4
ECE572,4
ECE573,4
ECE574,4
ECE576,4
ECE577,4
ECE579,4
ECE580,4
ECE581,4
ECE582,4
ECE584,4
ECE585,4
ECE586,4
ECE588,4
ECE590,1
ECE592,2
ECE594,4
ECE596,8
ECE597,8
ECE598,4
ECE599,16
ECON102,3
ECON103,3
ECON198,1
ECON199,5
ECON202,3
ECON203,3
ECON210,3
ECON298,3
ECON302,3
ECON303,3
ECON397,4
ECON398,4
ECON399,8
ECON402,3
ECON411,4
ECON413,4
ECON414,4
ECON415,4
ECON418,4
ECON420,4
ECON422,4
ECON425,4
ECON426,4
ECON436,4
ECON437,4
ECON440,4
ECON442,3
ECON447,4
ECON448,4
ECON450,4
ECON451,4
ECON452,4
ECON453,4
ECON455,4
ECON456,4
ECON460,4
ECON469,4
ECON471,4
ECON472,4
ECON474,4
ECON475,4
ECON480,4
ECON481,4
ECON482,4
ECON483,4
ECON484,4
ECON490,4
ECON491,4
ECON500,4
ECON501,4
ECON502,4
ECON503,4
ECON504,4
ECON505,4
ECON510,4
ECON511,4
ECON513,4
ECON514,4
ECON516,4
ECON517,4
ECON519,4
ECON530,4
ECON531,4
ECON532,4
ECON533,4
ECON534,4
ECON535,4
ECON536,4
ECON540,4
ECON541,4
ECON542,4
ECON543,4
ECON547,4
ECON548,4
ECON549,4
ECON550,4
ECON551,4
ECON553,4
ECON555,4
ECON556,4
ECON557,4
ECON562,4
ECON572,4
ECON574,4
ECON575,4
ECON576,4
ECON577,4
ECON578,4
ECON580,4
ECON581,4
ECON582,4
ECON585,4
ECON590,4
ECON598,2
ECON599,16
EDPR199,5
EDPR250,4
EDPR410,3
EDPR420,12
EDPR432,12
EDPR433,12
EDPR438,12
EDPR442,12
EDPR550,4
EDUC101,1
EDUC102,1
EDUC199,6
EDUC201,3
EDUC202,3
EDUC299,18
EDUC499,4
EEB599,16
EIL199,5
EIL214,3
EIL215,3
EIL411,4
EIL413,3
EIL422,4
EIL445,4
EIL456,4
EIL460,4
EIL465,3
EIL486,4
EIL487,4
EIL488,4
EIL511,4
EIL512,4
EIL580,4
EIL587,4
EIL591,4
EIL599,8
ENG100,1
ENG101,1
ENG110,2
ENG111,1
ENG177,2
ENG198,4
ENG199,5
ENG211,1
ENG261,1
ENG298,4
ENG299,18
ENG300,1
ENG310,0
ENG377,1
ENG398,4
ENG411,1
ENG471,1
ENG491,4
ENG498,4
ENG510,0
ENG571,4
ENG572,8
ENG573,8
ENG580,2
ENG591,1
ENG598,4
ENGL101,3
ENGL102,3
ENGL103,3
ENGL104,3
ENGL109,3
ENGL112,3
ENGL114,3
ENGL115,3
ENGL116,3
ENGL117,3
ENGL119,3
ENGL120,3
ENGL121,3
ENGL122,3
ENGL150,3
ENGL199,5
ENGL200,3
ENGL202,3
ENGL204,3
ENGL206,3
ENGL207,3
ENGL208,3
ENGL209,3
ENGL210,3
ENGL211,3
ENGL213,3
ENGL216,3
ENGL218,3
ENGL219,3
ENGL220,3
ENGL221,3
ENGL222,3
ENGL223,3
ENGL224,3
ENGL225,3
ENGL241,3
ENGL242,3
ENGL245,3
ENGL247,3
ENGL248,3
ENGL250,3
ENGL251,3
ENGL253,3
ENGL255,3
ENGL256,3
ENGL259,3
ENGL260,3
ENGL261,3
ENGL265,3
ENGL266,3
ENGL267,3
ENGL268,3
ENGL269,3
ENGL270,3
ENGL273,3
ENGL275,3
ENGL276,3
ENGL277,3
ENGL280,3
ENGL281,3
ENGL284,3
ENGL285,3
ENGL286,3
ENGL290,3
ENGL293,3
ENGL301,3
ENGL311,3
ENGL322,3
ENGL323,3
ENGL325,3
ENGL330,3
ENGL333,3
ENGL350,3
ENGL357,3
ENGL359,3
ENGL360,3
ENGL373,3
ENGL378,3
ENGL380,3
ENGL390,3
ENGL391,3
ENGL396,3
ENGL400,3
ENGL402,4
ENGL404,4
ENGL407,4
ENGL411,4
ENGL412,4
ENGL416,4
ENGL418,4
ENGL421,4
ENGL423,4
ENGL427,4
ENGL428,4
ENGL429,4
ENGL431,4
ENGL435,4
ENGL441,4
ENGL442,4
ENGL449,4
ENGL450,4
ENGL451,4
ENGL452,4
ENGL455,4
ENGL458,4
ENGL459,4
ENGL460,4
ENGL461,4
ENGL462,4
ENGL467,4
ENGL470,4
ENGL475,4
ENGL476,4
ENGL477,3
ENGL481,4
ENGL482,4
ENGL486,4
ENGL494,3
ENGL495,4
ENGL496,3
ENGL498,3
ENGL500,4
ENGL503,4
ENGL504,4
ENGL505,4
ENGL514,4
ENGL519,4
ENGL524,4
ENGL527,4
ENGL537,4
ENGL543,4
ENGL547,4
ENGL553,4
ENGL559,4
ENGL563,4
ENGL564,4
ENGL578,4
ENGL581,4
ENGL582,4
ENGL583,4
ENGL584,4
ENGL586,4
ENGL591,4
ENGL593,4
ENGL594,4
ENGL596,4
ENGL599,16
ENSU300,3
ENSU301,3
ENSU302,3
ENSU303,4
ENSU310,4
ENSU410,4
ENT599,16
ENVS101,3
ENVS210,3
ENVS220,3
ENVS299,4
ENVS301,3
ENVS310,3
ENVS330,3
ENVS336,3
ENVS380,4
ENVS406,4
ENVS420,4
ENVS447,4
ENVS480,3
ENVS491,4
ENVS492,4
ENVS510,4
ENVS514,3
ENVS516,3
ENVS596,1
EOL540,4
EPOL199,5
EPOL201,3
EPOL202,4
EPOL230,3
EPOL235,3
EPOL250,3
EPOL270,3
EPOL310,4
EPOL325,3
EPOL370,3
EPOL375,3
EPOL380,3
EPOL390,9
EPOL395,2
EPOL401,4
EPOL402,4
EPOL403,4
EPOL404,4
EPOL405,4
EPOL406,4
EPOL407,4
EPOL408,4
EPOL409,4
EPOL410,4
EPOL411,4
EPOL412,4
EPOL413,4
EPOL414,4
EPOL420,4
EPOL421,4
EPOL470,4
EPOL471,4
EPOL472,4
EPOL473,4
EPOL474,4
EPOL475,4
EPOL476,4
EPOL477,4
EPOL479,4
EPOL480,4
EPOL481,4
EPOL482,4
EPOL483,4
EPOL485,4
EPOL486,4
EPOL490,4
EPOL491,4
EPOL500,4
EPOL501,4
EPOL502,4
EPOL504,4
EPOL506,4
EPOL510,4
EPOL512,4
EPOL515,4
EPOL516,4
EPOL517,4
EPOL518,4
EPOL520,4
EPOL521,4
EPOL522,4
EPOL523,4
EPOL524,4
EPOL525,4
EPOL526,4
EPOL528,4
EPOL530,4
EPOL531,4
EPOL534,4
EPOL535,4
EPOL536,4
EPOL538,4
EPOL540,4
EPOL541,4
EPOL542,4
EPOL543,4
EPOL544,4
EPOL546,4
EPOL547,4
EPOL548,4
EPOL549,4
EPOL551,4
EPOL552,4
EPOL554,4
EPOL555,4
EPOL556,4
EPOL557,4
EPOL558,4
EPOL559,4
EPOL560,4
EPOL561,4
EPOL562,4
EPOL563,4
EPOL564,4
EPOL565,4
EPOL566,4
EPOL570,4
EPOL571,4
EPOL572,4
EPOL573,4
EPOL574,4
EPOL576,4
EPOL577,4
EPOL578,4
EPOL579,4
EPOL580,4
EPOL581,4
EPOL582,4
EPOL583,4
EPOL584,4
EPOL586,4
EPOL587,4
EPOL590,4
EPOL591,4
EPOL592,4
EPOL595,4
EPOL596,2
EPOL597,12
EPOL598,4
EPOL599,16
EPS325,3
EPSY199,5
EPSY200,1
EPSY201,3
EPSY202,3
EPSY203,1
EPSY220,3
EPSY222,3
EPSY236,3
EPSY280,4
EPSY395,4
EPSY398,3
EPSY399,2
EPSY400,4
EPSY401,4
EPSY402,4
EPSY403,4
EPSY405,4
EPSY407,4
EPSY408,4
EPSY409,2
EPSY419,4
EPSY420,4
EPSY427,4
EPSY430,4
EPSY431,4
EPSY456,4
EPSY460,4
EPSY466,4
EPSY470,4
EPSY471,4
EPSY480,4
EPSY485,4
EPSY486,4
EPSY487,4
EPSY490,4
EPSY491,16
EPSY492,4
EPSY501,4
EPSY505,4
EPSY508,4
EPSY510,4
EPSY511,4
EPSY515,4
EPSY520,8
EPSY521,4
EPSY530,4
EPSY535,3
EPSY546,4
EPSY549,4
EPSY550,4
EPSY551,4
EPSY553,4
EPSY554,4
EPSY555,4
EPSY556,4
EPSY559,4
EPSY560,4
EPSY563,4
EPSY566,4
EPSY567,4
EPSY570,4
EPSY572,4
EPSY574,4
EPSY575,4
EPSY577,4
EPSY578,4
EPSY579,4
EPSY580,4
EPSY581,4
EPSY582,4
EPSY583,4
EPSY584,4
EPSY585,4
EPSY586,4
EPSY587,4
EPSY588,4
EPSY589,4
EPSY590,4
EPSY591,8
EPSY595,4
EPSY599,16
ERAM510,4
ERAM515,4
ERAM520,4
ERAM550,4
ERAM551,4
ERAM552,4
ERAM554,4
ERAM555,4
ERAM556,4
ERAM557,4
ERAM560,4
ERAM565,4
ERAM566,4
ERAM570,4
ERAM571,4
ERAM572,4
ERAM573,4
ERAM574,4
ERAM575,4
ERAM576,4
ERAM581,4
ERAM582,4
ERAM583,4
ESE100,3
ESE103,4
ESE104,3
ESE106,3
ESE111,3
ESE117,3
ESE118,3
ESE120,3
ESE140,3
ESE143,3
ESE170,3
ESE199,5
ESE200,3
ESE202,3
ESE208,4
ESE210,3
ESE222,3
ESE254,3
ESE287,3
ESE289,1
ESE293,3
ESE311,3
ESE320,3
ESE333,4
ESE350,3
ESE360,3
ESE379,4
ESE380,4
ESE389,3
ESE401,3
ESE410,4
ESE411,4
ESE421,4
ESE439,3
ESE445,3
ESE452,3
ESE465,4
ESE466,4
ESE467,4
ESE468,4
ESE470,4
ESE477,3
ESE482,3
ESE486,3
ESE497,4
ESE498,3
ESL110,0
ESL111,3
ESL112,3
ESL115,4
ESL504,0
ESL506,0
ESL507,0
ESL508,0
ESL510,0
ESL511,0
ESL512,0
ESL515,0
ESL521,0
ESL522,0
ESL525,0
ESL592,0
ESL593,0
ETMA-100,3
ETMA-103,2
ETMA-130,1
ETMA-132,1
ETMA-199,5
ETMA-232,3
ETMA-233,3
ETMA-234,3
ETMA-262,3
ETMA-293,4
ETMA-295,4
ETMA-311,3
ETMA-339,3
ETMA-352,3
ETMA-363,2
ETMA-371,3
ETMA-372,3
ETMA-381,3
ETMA-396,4
ETMA-421,3
ETMA-422,3
ETMA-425,3
ETMA-430,2
ETMA-435,3
ETMA-438,3
ETMA-439,4
ETMA-464,3
ETMA-465,3
ETMA-467,3
ETMA-486,3
ETMA-496,4
ETMA-499,4
ETMA-501,1
ETMA-586,3
ETMA-594,0
ETMA-596,4
ETMA-598,4
ETMA-599,16
EURO199,5
EURO325,3
EURO376,3
EURO385,3
EURO410,4
EURO415,4
EURO418,4
EURO470,4
EURO489,4
EURO490,4
EURO500,2
EURO501,4
EURO502,4
EURO576,4
EURO580,1
EURO590,6
EURO591,3
EURO596,4
EURO599,8
FAA101,1
FAA102,3
FAA110,3
FAA199,3
FAA201,3
FAA202,3
FAA230,3
FAA299,18
FAA310,2
FAA330,5
FAA398,0
FAA399,3
FAA430,3
FAA431,5
FAA490,4
FAA491,4
FAA493,1
FAA494,3
FAA495,4
FAA496,3
FAA497,4
FAA498,4
FAA499,4
FAA550,4
FAA556,4
FAA594,4
FAA596,4
FAA597,4
FAA598,4
FIN199,5
FIN221,3
FIN230,3
FIN241,3
FIN300,3
FIN321,3
FIN380,2
FIN390,1
FIN391,1
FIN392,1
FIN393,1
FIN394,1
FIN395,1
FIN411,3
FIN412,3
FIN413,3
FIN414,4
FIN415,3
FIN416,3
FIN418,3
FIN419,3
FIN422,3
FIN423,4
FIN424,3
FIN425,3
FIN428,3
FIN431,4
FIN432,4
FIN433,4
FIN434,3
FIN435,3
FIN443,4
FIN444,3
FIN445,3
FIN446,3
FIN447,4
FIN461,3
FIN463,3
FIN464,4
FIN490,3
FIN494,4
FIN495,4
FIN500,4
FIN501,4
FIN502,4
FIN503,2
FIN504,2
FIN511,4
FIN512,4
FIN513,4
FIN514,2
FIN515,4
FIN516,2
FIN517,2
FIN518,4
FIN519,2
FIN520,4
FIN521,4
FIN522,4
FIN526,4
FIN527,4
FIN528,4
FIN529,4
FIN530,2
FIN532,4
FIN535,4
FIN536,4
FIN537,4
FIN538,4
FIN541,4
FIN543,4
FIN544,4
FIN545,4
FIN546,4
FIN547,4
FIN550,4
FIN551,4
FIN552,4
FIN553,4
FIN554,4
FIN555,4
FIN556,4
FIN557,4
FIN558,2
FIN559,2
FIN570,4
FIN571,4
FIN572,4
FIN573,4
FIN574,4
FIN580,4
FIN581,2
FIN582,2
FIN583,4
FIN589,4
FIN590,4
FIN591,4
FIN592,4
FIN593,4
FIN594,4
FIN595,4
FIN599,16
FLTE471,4
FLTE475,4
FLTE478,3
FR101,4
FR102,4
FR103,4
FR104,4
FR133,4
FR134,4
FR156,3
FR165,3
FR179,3
FR190,3
FR195,3
FR199,5
FR205,2
FR207,3
FR211,3
FR212,3
FR240,3
FR299,18
FR301,3
FR309,3
FR311,3
FR312,3
FR313,3
FR314,3
FR319,3
FR322,3
FR323,3
FR324,3
FR335,3
FR336,3
FR337,3
FR385,3
FR387,3
FR389,3
FR390,12
FR413,3
FR416,3
FR417,4
FR418,4
FR419,4
FR421,3
FR443,4
FR460,4
FR462,4
FR479,4
FR481,4
FR485,3
FR486,3
FR492,2
FR500,4
FR501,4
FR503,4
FR504,4
FR505,4
FR529,4
FR530,4
FR543,4
FR552,4
FR559,4
FR570,4
FR571,4
FR572,4
FR573,4
FR574,4
FR576,4
FR578,4
FR579,4
FR580,4
FR584,4
FR588,4
FR591,8
FR599,16
FSHN101,3
FSHN120,3
FSHN123,1
FSHN125,1
FSHN130,1
FSHN140,3
FSHN145,3
FSHN150,1
FSHN175,3
FSHN193,3
FSHN195,1
FSHN199,5
FSHN201,3
FSHN220,4
FSHN230,1
FSHN231,2
FSHN232,3
FSHN249,1
FSHN250,3
FSHN251,3
FSHN260,2
FSHN292,1
FSHN293,4
FSHN294,4
FSHN295,4
FSHN302,3
FSHN320,3
FSHN322,3
FSHN329,3
FSHN340,4
FSHN343,2
FSHN344,1
FSHN345,3
FSHN346,3
FSHN396,4
FSHN398,3
FSHN414,3
FSHN416,3
FSHN417,4
FSHN418,4
FSHN419,3
FSHN420,3
FSHN421,3
FSHN422,3
FSHN423,2
FSHN424,3
FSHN425,3
FSHN426,3
FSHN427,3
FSHN428,3
FSHN429,3
FSHN430,3
FSHN439,2
FSHN440,4
FSHN441,3
FSHN442,3
FSHN443,4
FSHN450,2
FSHN453,4
FSHN459,2
FSHN460,3
FSHN464,2
FSHN465,3
FSHN466,4
FSHN469,3
FSHN471,3
FSHN472,3
FSHN475,2
FSHN480,3
FSHN481,2
FSHN482,1
FSHN483,2
FSHN484,1
FSHN499,3
FSHN502,3
FSHN510,3
FSHN511,4
FSHN514,3
FSHN518,3
FSHN519,4
FSHN520,2
FSHN521,3
FSHN522,3
FSHN527,3
FSHN550,3
FSHN552,3
FSHN563,2
FSHN573,3
FSHN574,3
FSHN575,3
FSHN576,3
FSHN580,3
FSHN590,5
FSHN591,5
FSHN592,12
FSHN593,2
FSHN595,4
FSHN597,1
FSHN598,8
FSHN599,16
GC295,3
GC298,3
GC498,12
GC499,18
GC500,0
GC598,2
GC599,0
GEOL100,3
GEOL104,3
GEOL107,4
GEOL110,1
GEOL111,3
GEOL115,3
GEOL117,3
GEOL118,3
GEOL143,3
GEOL199,5
GEOL201,3
GEOL208,4
GEOL333,4
GEOL350,3
GEOL370,3
GEOL380,4
GEOL390,4
GEOL391,4
GEOL401,4
GEOL406,4
GEOL407,4
GEOL411,4
GEOL415,8
GEOL416,3
GEOL417,6
GEOL432,4
GEOL436,4
GEOL440,4
GEOL450,3
GEOL451,4
GEOL452,4
GEOL454,4
GEOL460,3
GEOL470,4
GEOL481,4
GEOL483,3
GEOL484,4
GEOL485,4
GEOL486,3
GEOL490,3
GEOL491,3
GEOL492,8
GEOL493,8
GEOL497,4
GEOL506,4
GEOL507,4
GEOL510,3
GEOL511,4
GEOL512,4
GEOL515,4
GEOL517,4
GEOL540,4
GEOL552,4
GEOL553,4
GEOL560,4
GEOL561,4
GEOL562,4
GEOL563,4
GEOL564,4
GEOL565,4
GEOL571,4
GEOL572,4
GEOL573,4
GEOL579,4
GEOL591,1
GEOL593,8
GEOL598,8
GEOL599,16
GER101,4
GER102,4
GER103,4
GER104,4
GER191,3
GER199,5
GER200,3
GER201,3
GER205,3
GER211,3
GER212,3
GER250,3
GER251,3
GER260,3
GER261,3
GER270,3
GER299,18
GER320,3
GER321,3
GER331,3
GER332,3
GER385,3
GER396,3
GER401,3
GER403,3
GER405,4
GER418,4
GER420,4
GER460,4
GER465,3
GER470,3
GER471,3
GER472,3
GER473,3
GER489,4
GER491,4
GER493,3
GER494,3
GER496,3
GER500,4
GER501,4
GER510,4
GER511,4
GER512,4
GER515,4
GER520,4
GER530,4
GER570,4
GER571,4
GER572,4
GER573,4
GER574,4
GER575,4
GER576,4
GER580,4
GER582,4
GER584,4
GER588,4
GER593,8
GER599,16
GGIS100,3
GGIS101,3
GGIS103,4
GGIS104,4
GGIS106,3
GGIS199,5
GGIS204,3
GGIS205,3
GGIS210,3
GGIS220,3
GGIS221,3
GGIS222,3
GGIS223,3
GGIS224,3
GGIS254,3
GGIS280,4
GGIS287,3
GGIS350,3
GGIS356,3
GGIS370,3
GGIS371,4
GGIS379,4
GGIS380,4
GGIS384,3
GGIS390,4
GGIS391,4
GGIS392,3
GGIS401,3
GGIS403,4
GGIS405,4
GGIS406,4
GGIS407,4
GGIS408,4
GGIS410,4
GGIS412,3
GGIS421,4
GGIS436,3
GGIS438,4
GGIS439,3
GGIS440,4
GGIS446,4
GGIS455,3
GGIS459,4
GGIS460,4
GGIS465,4
GGIS466,4
GGIS468,4
GGIS471,4
GGIS473,4
GGIS476,3
GGIS477,3
GGIS478,3
GGIS479,4
GGIS480,4
GGIS482,3
GGIS483,3
GGIS484,4
GGIS489,4
GGIS491,2
GGIS495,4
GGIS496,4
GGIS507,4
GGIS517,4
GGIS520,4
GGIS527,4
GGIS560,4
GGIS561,3
GGIS570,4
GGIS587,4
GGIS590,8
GGIS593,0
GGIS594,4
GGIS595,4
GGIS598,4
GGIS599,16
GLBL100,3
GLBL118,3
GLBL130,3
GLBL199,6
GLBL200,3
GLBL201,3
GLBL220,3
GLBL221,3
GLBL225,1
GLBL228,3
GLBL240,3
GLBL250,3
GLBL251,3
GLBL260,3
GLBL270,3
GLBL272,3
GLBL280,3
GLBL283,3
GLBL296,1
GLBL298,6
GLBL340,3
GLBL350,3
GLBL356,3
GLBL357,3
GLBL392,3
GLBL403,4
GLBL440,3
GLBL450,3
GLBL480,3
GLBL481,4
GLBL483,1
GLBL492,3
GLBL494,1
GLBL495,1
GLBL499,4
GLBL500,4
GLBL501,4
GLBL520,4
GLBL570,4
GLBL572,8
GLBL573,8
GLBL580,4
GMC199,5
GMC562,8
GRK101,4
GRK102,4
GRK199,5
GRK201,4
GRK202,4
GRK401,4
GRK411,3
GRK491,4
GRK492,4
GRK493,4
GRK511,1
GRK520,4
GRK531,4
GRK580,4
GRK595,4
GRK599,16
GRKM199,5
GRKM201,5
GRKM202,5
GRKM260,3
GRKM403,4
GRKM404,4
GRKM453,3
GRKM454,3
GRKM492,4
GRKM493,4
GSD101,3
GSD102,3
GSD103,3
GSD190,3
GSD199,3
GSD202,3
GSD390,3
GSD399,3
GSD403,3
GSD405,3
GSD409,4
GSD411,4
GSD490,4
GSD500,1
GSD502,4
GSD503,4
GSD511,4
GSD512,4
GSD513,8
GSD514,8
GSD515,4
GSD520,4
GSD521,4
GSD522,4
GSD523,4
GSD529,4
GSD530,4
GSD531,4
GSD540,4
GSD541,4
GSD550,4
GSD551,4
GSD560,4
GSD561,4
GSD590,4
GSD597,4
GS101,2
GS102,1
GS198,3
GS199,5
GS299,18
GWS100,3
GWS103,3
GWS199,5
GWS201,3
GWS202,3
GWS204,3
GWS215,3
GWS218,3
GWS226,3
GWS230,3
GWS235,3
GWS240,3
GWS245,3
GWS250,3
GWS255,3
GWS258,3
GWS262,3
GWS263,3
GWS270,3
GWS272,3
GWS275,3
GWS280,3
GWS281,3
GWS282,3
GWS285,3
GWS286,3
GWS287,3
GWS288,3
GWS295,3
GWS305,3
GWS315,3
GWS316,3
GWS317,3
GWS320,3
GWS333,3
GWS335,3
GWS337,3
GWS340,3
GWS343,3
GWS345,3
GWS350,3
GWS355,3
GWS356,3
GWS357,3
GWS360,3
GWS361,3
GWS363,3
GWS366,3
GWS370,3
GWS376,3
GWS378,3
GWS380,3
GWS382,3
GWS383,3
GWS385,3
GWS387,3
GWS390,3
GWS392,3
GWS393,3
GWS395,3
GWS397,3
GWS399,3
GWS403,4
GWS409,3
GWS415,4
GWS416,4
GWS417,4
GWS418,4
GWS424,3
GWS425,4
GWS432,4
GWS435,4
GWS442,4
GWS445,4
GWS450,3
GWS453,4
GWS454,4
GWS459,4
GWS462,4
GWS464,4
GWS465,4
GWS467,3
GWS470,4
GWS475,4
GWS478,4
GWS490,4
GWS494,3
GWS495,4
GWS496,3
GWS498,3
GWS501,4
GWS512,4
GWS540,4
GWS550,4
GWS560,4
GWS561,4
GWS575,4
GWS576,4
GWS580,4
GWS581,4
GWS590,4
GWS594,4
GWS596,4
HDFS101,1
HDFS102,2
HDFS105,3
HDFS108,3
HDFS120,3
HDFS140,3
HDFS143,3
HDFS199,5
HDFS202,2
HDFS204,1
HDFS207,3
HDFS208,3
HDFS220,3
HDFS221,3
HDFS225,3
HDFS255,2
HDFS263,3
HDFS290,4
HDFS291,1
HDFS294,4
HDFS295,4
HDFS301,4
HDFS305,3
HDFS310,3
HDFS320,3
HDFS322,3
HDFS324,3
HDFS330,3
HDFS335,3
HDFS340,3
HDFS341,3
HDFS350,4
HDFS355,3
HDFS379,4
HDFS396,4
HDFS398,3
HDFS401,4
HDFS405,3
HDFS406,5
HDFS408,4
HDFS420,4
HDFS424,4
HDFS425,4
HDFS426,4
HDFS444,4
HDFS445,3
HDFS450,12
HDFS455,4
HDFS460,4
HDFS494,4
HDFS499,4
HDFS500,1
HDFS501,4
HDFS503,2
HDFS505,2
HDFS508,4
HDFS518,4
HDFS521,4
HDFS523,4
HDFS526,2
HDFS527,4
HDFS528,2
HDFS533,4
HDFS534,4
HDFS539,4
HDFS540,2
HDFS541,4
HDFS543,4
HDFS550,4
HDFS561,4
HDFS562,4
HDFS580,4
HDFS581,4
HDFS582,4
HDFS586,4
HDFS590,4
HDFS591,4
HDFS594,4
HDFS595,4
HDFS596,4
HDFS597,4
HDFS598,4
HDFS599,16
HEBR199,5
HEBR201,5
HEBR202,5
HEBR205,5
HEBR403,5
HEBR404,5
HEBR405,3
HEBR406,3
HEBR407,3
HEBR414,4
HIST100,3
HIST101,3
HIST103,3
HIST104,3
HIST105,3
HIST106,3
HIST111,3
HIST112,3
HIST120,3
HIST130,3
HIST135,3
HIST140,4
HIST141,3
HIST142,3
HIST143,4
HIST164,3
HIST168,3
HIST170,4
HIST171,3
HIST172,3
HIST173,4
HIST174,3
HIST199,5
HIST200,3
HIST202,3
HIST203,3
HIST205,3
HIST207,3
HIST209,3
HIST211,3
HIST212,3
HIST213,3
HIST219,3
HIST220,3
HIST221,3
HIST222,3
HIST226,3
HIST227,3
HIST236,3
HIST240,3
HIST241,3
HIST245,3
HIST247,3
HIST251,3
HIST252,3
HIST253,3
HIST254,3
HIST255,3
HIST256,3
HIST257,3
HIST258,3
HIST259,3
HIST260,3
HIST261,3
HIST262,3
HIST263,3
HIST264,3
HIST265,3
HIST268,3
HIST269,3
HIST270,3
HIST271,3
HIST272,3
HIST273,3
HIST274,3
HIST275,3
HIST276,3
HIST277,3
HIST278,3
HIST279,3
HIST280,3
HIST281,3
HIST283,3
HIST284,3
HIST285,3
HIST286,3
HIST287,3
HIST288,3
HIST289,3
HIST290,3
HIST292,3
HIST293,3
HIST300,3
HIST307,3
HIST308,3
HIST310,3
HIST311,3
HIST312,4
HIST313,3
HIST314,3
HIST316,3
HIST317,3
HIST325,3
HIST327,3
HIST334,3
HIST335,3
HIST337,3
HIST338,3
HIST344,3
HIST345,3
HIST346,3
HIST347,3
HIST348,3
HIST349,3
HIST350,3
HIST352,3
HIST353,3
HIST354,3
HIST355,3
HIST356,3
HIST357,3
HIST358,3
HIST361,3
HIST364,3
HIST365,3
HIST367,3
HIST370,3
HIST371,3
HIST372,3
HIST373,3
HIST374,3
HIST377,3
HIST379,3
HIST380,3
HIST381,3
HIST382,3
HIST383,3
HIST384,3
HIST385,3
HIST386,3
HIST387,3
HIST389,3
HIST390,3
HIST391,3
HIST392,3
HIST394,3
HIST395,3
HIST397,3
HIST398,3
HIST399,3
HIST400,4
HIST405,4
HIST407,4
HIST410,4
HIST411,4
HIST420,4
HIST422,4
HIST425,4
HIST426,4
HIST427,4
HIST430,4
HIST432,4
HIST433,4
HIST434,4
HIST436,4
HIST439,4
HIST440,4
HIST441,4
HIST442,4
HIST443,4
HIST445,4
HIST448,4
HIST453,4
HIST456,4
HIST459,4
HIST461,4
HIST462,4
HIST467,4
HIST468,3
HIST473,4
HIST475,4
HIST476,4
HIST478,4
HIST480,4
HIST481,4
HIST482,4
HIST483,4
HIST486,4
HIST488,4
HIST490,3
HIST491,4
HIST492,3
HIST493,3
HIST498,3
HIST499,2
HIST502,4
HIST503,4
HIST504,4
HIST505,4
HIST507,4
HIST508,4
HIST510,4
HIST511,4
HIST519,4
HIST520,4
HIST521,4
HIST526,4
HIST527,4
HIST535,4
HIST536,4
HIST542,4
HIST543,4
HIST545,4
HIST546,4
HIST549,4
HIST550,4
HIST551,4
HIST552,4
HIST560,4
HIST561,4
HIST570,4
HIST571,4
HIST572,4
HIST573,4
HIST574,4
HIST575,4
HIST591,4
HIST593,4
HIST594,4
HIST596,4
HIST597,4
HIST598,2
HIST599,16
HK100,2
HK101,1
HK102,1
HK103,1
HK104,1
HK106,1
HK107,1
HK108,1
HK109,2
HK110,3
HK111,3
HK112,3
HK113,3
HK125,1
HK140,3
HK141,3
HK150,3
HK151,2
HK152,3
HK153,2
HK154,3
HK160,3
HK161,1
HK171,1
HK199,5
HK200,3
HK201,3
HK202,1
HK203,3
HK204,2
HK205,2
HK206,3
HK207,3
HK208,3
HK209,3
HK242,3
HK243,3
HK250,3
HK260,3
HK261,2
HK262,3
HK263,3
HK264,3
HK270,3
HK271,3
HK272,3
HK300,4
HK302,3
HK304,3
HK305,3
HK340,3
HK341,3
HK342,3
HK343,3
HK350,3
HK351,3
HK352,3
HK353,3
HK354,3
HK360,3
HK361,3
HK362,3
HK370,4
HK390,3
HK391,3
HK395,3
HK400,4
HK401,4
HK402,4
HK403,4
HK404,4
HK405,4
HK406,4
HK407,4
HK408,4
HK409,3
HK410,4
HK411,4
HK412,4
HK413,4
HK414,4
HK416,4
HK417,3
HK418,4
HK420,3
HK421,3
HK422,4
HK423,4
HK424,4
HK438,4
HK440,4
HK441,4
HK442,4
HK443,4
HK445,4
HK446,4
HK448,4
HK449,4
HK450,4
HK452,4
HK453,4
HK454,4
HK455,4
HK456,4
HK457,4
HK458,4
HK459,4
HK460,4
HK461,4
HK462,4
HK463,4
HK464,4
HK465,4
HK466,4
HK470,1
HK471,8
HK472,6
HK474,4
HK480,4
HK481,2
HK482,4
HK484,4
HK485,4
HK494,4
HK495,8
HK510,4
HK511,4
HK512,4
HK513,2
HK514,4
HK515,4
HK516,4
HK517,4
HK519,4
HK520,4
HK521,4
HK522,4
HK523,4
HK524,4
HK525,4
HK526,4
HK527,4
HK528,4
HK529,4
HK530,4
HK531,4
HK532,4
HK533,4
HK534,2
HK535,4
HK536,2
HK537,4
HK538,4
HK540,4
HK550,4
HK551,4
HK552,4
HK553,4
HK554,4
HK560,4
HK561,4
HK562,4
HK590,4
HK591,1
HK594,4
HK599,16
HNDI115,3
HNDI199,5
HNDI201,5
HNDI202,5
HNDI403,4
HNDI404,4
HNDI405,3
HNDI406,3
HNDI408,3
HNDI412,3
HORT100,3
HORT105,3
HORT106,3
HORT199,4
HORT205,3
HORT223,3
HORT240,3
HORT341,4
HORT344,3
HORT360,3
HORT361,2
HORT362,2
HORT363,2
HORT393,5
HORT395,4
HORT396,4
HORT421,4
HORT430,2
HORT435,3
HORT442,4
HORT447,3
HORT499,4
HRD550,4
HT501,4
HT502,4
HT503,4
HT504,4
HT510,1
HT511,3
HT512,4
HT594,4
HUM110,4
HUM111,4
HUM199,5
HUM275,2
HUM390,4
HUM492,4
HUM495,4
HUM498,3
IB100,3
IB103,4
IB104,4
IB105,3
IB108,3
IB110,3
IB150,4
IB151,1
IB199,5
IB201,3
IB202,4
IB203,4
IB204,4
IB210,3
IB220,3
IB230,2
IB270,5
IB271,5
IB290,2
IB299,5
IB302,4
IB303,4
IB329,3
IB348,3
IB360,3
IB361,3
IB362,3
IB364,3
IB368,4
IB372,5
IB390,5
IB392,1
IB401,4
IB405,3
IB407,4
IB411,3
IB416,4
IB420,3
IB421,3
IB426,3
IB430,4
IB431,3
IB432,3
IB433,4
IB435,3
IB436,4
IB438,4
IB439,3
IB440,3
IB442,3
IB444,4
IB450,4
IB451,4
IB452,3
IB453,3
IB460,4
IB461,4
IB462,4
IB463,4
IB464,4
IB465,4
IB467,4
IB468,4
IB471,4
IB476,3
IB478,3
IB479,3
IB480,4
IB481,4
IB482,3
IB484,4
IB490,5
IB491,4
IB494,4
IB496,5
IB497,4
IB499,1
IB501,4
IB502,2
IB504,3
IB505,4
IB506,4
IB507,4
IB512,2
IB513,1
IB516,4
IB517,4
IB524,4
IB526,1
IB531,4
IB532,4
IB533,4
IB534,4
IB535,4
IB536,4
IB542,4
IB546,1
IB590,12
IB592,2
IE199,5
IE297,4
IE300,3
IE310,3
IE311,1
IE330,3
IE340,4
IE360,3
IE361,3
IE370,3
IE371,3
IE397,4
IE398,4
IE400,4
IE405,4
IE410,4
IE411,4
IE412,4
IE413,4
IE420,4
IE421,4
IE430,4
IE431,3
IE434,4
IE441,4
IE445,4
IE497,4
IE498,4
IE510,4
IE511,4
IE513,4
IE514,4
IE516,4
IE517,2
IE518,4
IE519,4
IE521,4
IE522,4
IE523,4
IE524,2
IE525,2
IE527,0
IE529,4
IE531,4
IE532,4
IE533,4
IE534,4
IE546,4
IE547,4
IE583,4
IE590,0
IE597,4
IE598,4
IE599,16
INFO102,4
INFO199,3
INFO202,3
INFO303,3
INFO310,3
INFO325,3
INFO326,3
INFO333,3
INFO345,3
INFO390,3
INFO399,3
INFO407,3
INFO415,4
INFO416,4
INFO418,4
INFO419,4
INFO424,4
INFO427,3
INFO448,4
INFO490,4
INFO491,2
INFO500,1
INFO510,4
INFO555,4
INFO590,4
INFO591,2
INFO597,4
INFO599,16
IS100,1
IS101,3
IS107,4
IS142,3
IS145,3
IS189,3
IS199,5
IS200,2
IS202,3
IS203,3
IS204,3
IS205,3
IS206,3
IS226,3
IS229,3
IS234,3
IS236,3
IS249,3
IS265,3
IS266,3
IS269,0
IS299,18
IS304,3
IS305,3
IS308,3
IS309,3
IS310,3
IS311,3
IS312,3
IS316,3
IS324,3
IS327,3
IS334,4
IS340,3
IS357,3
IS364,3
IS368,3
IS370,3
IS378,3
IS380,3
IS381,3
IS389,3
IS390,3
IS400,1
IS401,4
IS403,4
IS406,4
IS407,4
IS409,4
IS410,4
IS411,4
IS413,4
IS416,4
IS417,4
IS418,4
IS419,4
IS420,4
IS423,2
IS424,4
IS426,4
IS427,4
IS429,4
IS430,4
IS436,4
IS439,4
IS440,4
IS441,4
IS444,4
IS445,4
IS446,4
IS449,4
IS451,4
IS453,4
IS455,4
IS456,4
IS457,4
IS459,4
IS461,4
IS464,4
IS466,4
IS467,4
IS471,4
IS477,4
IS490,4
IS491,4
IS492,4
IS493,4
IS494,4
IS495,4
IS496,4
IS497,4
IS499,4
IS500,2
IS501,4
IS503,4
IS504,4
IS505,4
IS506,4
IS507,4
IS508,4
IS509,4
IS510,4
IS511,4
IS512,4
IS514,4
IS515,4
IS516,4
IS517,4
IS518,4
IS519,4
IS521,4
IS522,4
IS523,4
IS524,4
IS525,4
IS526,4
IS527,4
IS528,4
IS529,1
IS530,4
IS532,4
IS533,4
IS534,4
IS537,4
IS538,4
IS540,4
IS541,4
IS542,4
IS543,4
IS544,4
IS545,4
IS547,4
IS548,4
IS549,2
IS550,4
IS551,4
IS555,4
IS556,4
IS557,4
IS558,4
IS559,8
IS560,4
IS561,4
IS562,4
IS563,4
IS565,2
IS567,4
IS568,4
IS569,0
IS571,4
IS573,4
IS575,4
IS577,4
IS578,4
IS579,1
IS580,4
IS581,4
IS582,4
IS583,4
IS584,4
IS585,4
IS586,4
IS587,4
IS588,4
IS589,4
IS590,4
IS591,4
IS592,4
IS593,4
IS594,4
IS595,4
IS596,4
IS597,4
IS599,16
ITAL101,4
ITAL102,4
ITAL103,4
ITAL104,4
ITAL156,3
ITAL191,3
ITAL199,5
ITAL200,3
ITAL210,3
ITAL220,3
ITAL240,3
ITAL250,3
ITAL270,3
ITAL310,3
ITAL380,3
ITAL390,4
ITAL406,4
ITAL413,4
ITAL414,4
ITAL415,4
ITAL418,4
ITAL420,4
ITAL435,4
ITAL440,4
ITAL450,3
ITAL460,4
ITAL470,4
ITAL489,4
ITAL490,4
ITAL491,2
ITAL505,4
ITAL510,4
ITAL530,4
ITAL559,4
ITAL580,4
ITAL584,4
ITAL588,4
ITAL595,4
ITAL599,16
JAPN199,5
JAPN201,5
JAPN202,5
JAPN203,5
JAPN204,5
JAPN305,5
JAPN306,5
JAPN407,4
JAPN408,3
JAPN410,4
JAPN440,4
JAPN441,4
JAPN499,18
JOUR101,3
JOUR102,3
JOUR161,3
JOUR199,3
JOUR200,3
JOUR205,3
JOUR210,4
JOUR215,4
JOUR217,3
JOUR220,4
JOUR240,3
JOUR250,3
JOUR280,4
JOUR293,3
JOUR310,3
JOUR311,3
JOUR313,3
JOUR315,4
JOUR317,3
JOUR318,3
JOUR335,4
JOUR340,4
JOUR356,3
JOUR360,3
JOUR361,3
JOUR400,4
JOUR410,4
JOUR417,4
JOUR421,3
JOUR425,4
JOUR427,3
JOUR430,4
JOUR440,4
JOUR445,4
JOUR450,3
JOUR451,3
JOUR452,3
JOUR453,3
JOUR454,4
JOUR456,4
JOUR460,4
JOUR470,3
JOUR471,3
JOUR472,3
JOUR473,3
JOUR475,3
JOUR480,3
JOUR481,3
JOUR482,4
JOUR483,4
JOUR490,3
JOUR494,1
JOUR495,1
JOUR500,4
JOUR501,4
JOUR505,4
JOUR515,4
JOUR590,4
JS108,3
JS120,3
JS199,5
JS201,3
JS209,3
JS211,3
JS212,3
JS220,3
JS231,3
JS252,3
JS261,3
JS262,3
JS269,3
JS284,3
JS290,3
JS300,3
JS320,3
JS335,3
JS344,3
JS355,3
JS399,3
JS442,4
JS495,4
JS496,4
JS501,4
JS502,4
JS551,4
JS552,4
KIN390,2
KIN542,4
KOR201,5
KOR202,5
KOR203,5
KOR204,5
KOR221,4
KOR222,4
KOR241,4
KOR242,4
KOR305,5
KOR306,5
KOR440,4
KOR441,4
LA100,1
LA101,2
LA199,3
LA221,3
LA222,3
LA233,5
LA234,5
LA241,3
LA242,3
LA250,3
LA270,3
LA280,3
LA281,3
LA314,4
LA315,3
LA335,5
LA336,5
LA342,4
LA343,4
LA345,10
LA346,2
LA352,4
LA370,3
LA387,6
LA390,6
LA427,4
LA430,2
LA433,5
LA434,5
LA437,5
LA438,5
LA441,4
LA446,4
LA450,4
LA452,3
LA453,3
LA454,4
LA460,4
LA466,4
LA472,4
LA480,2
LA482,4
LA490,6
LA501,4
LA505,4
LA506,4
LA513,4
LA515,4
LA533,5
LA534,5
LA537,5
LA538,5
LA539,5
LA545,12
LA562,4
LA563,4
LA570,3
LA587,4
LA589,4
LA590,8
LA592,6
LA593,4
LA594,4
LA597,3
LA598,8
LA599,16
LAS100,2
LAS101,1
LAS102,1
LAS112,1
LAS122,1
LAS195,3
LAS199,5
LAS220,3
LAS279,1
LAS289,0
LAS291,1
LAS292,2
LAS299,18
LAS302,3
LAS399,3
LAS494,4
LAST170,3
LAST180,3
LAST199,5
LAST210,3
LAST232,3
LAST240,3
LAST308,3
LAST325,3
LAST342,3
LAST343,3
LAST395,4
LAST440,3
LAST441,3
LAST445,4
LAST490,5
LAST550,4
LAST590,0
LAST597,4
LAST599,4
LAT101,4
LAT102,4
LAT199,5
LAT201,4
LAT202,4
LAT401,4
LAT411,3
LAT460,4
LAT491,4
LAT492,4
LAT493,4
LAT511,1
LAT520,4
LAT531,4
LAT580,4
LAT595,4
LAT599,16
LAW199,3
LAW201,3
LAW301,3
LAW302,3
LAW303,3
LAW304,1
LAW305,3
LAW306,3
LAW307,3
LAW499,18
LAW500,2
LAW501,4
LAW598,0
LAW599,16
LAW600,0
LAW601,4
LAW602,4
LAW603,4
LAW604,4
LAW605,4
LAW606,4
LAW607,4
LAW609,3
LAW610,3
LAW612,4
LAW615,4
LAW616,4
LAW618,4
LAW619,4
LAW620,4
LAW622,4
LAW624,4
LAW625,4
LAW627,2
LAW629,4
LAW631,4
LAW633,4
LAW634,4
LAW635,4
LAW636,4
LAW638,4
LAW639,4
LAW642,4
LAW643,4
LAW644,4
LAW645,4
LAW647,4
LAW648,4
LAW649,4
LAW651,4
LAW653,4
LAW654,4
LAW655,4
LAW656,4
LAW657,4
LAW660,4
LAW662,4
LAW664,4
LAW667,4
LAW668,4
LAW670,4
LAW673,3
LAW675,4
LAW676,4
LAW678,4
LAW679,4
LAW680,4
LAW682,4
LAW683,4
LAW684,4
LAW685,4
LAW686,4
LAW687,4
LAW688,4
LAW689,4
LAW692,4
LAW693,5
LAW694,4
LAW695,4
LAW696,2
LAW697,2
LAW699,2
LAW701,0
LAW792,4
LAW793,4
LAW794,4
LAW795,4
LAW796,4
LAW797,4
LAW798,4
LCTL101,5
LCTL102,5
LCTL201,5
LCTL202,5
LCTL301,5
LCTL302,5
LEAD116,1
LEAD140,2
LEAD170,2
LEAD230,3
LEAD260,3
LEAD321,3
LEAD339,3
LEAD340,3
LEAD425,3
LEAD426,2
LEAD427,2
LEAD440,2
LEAD460,3
LEAD470,2
LEAD480,4
LER100,3
LER110,3
LER120,3
LER130,3
LER199,5
LER200,3
LER210,3
LER220,3
LER225,3
LER240,3
LER290,3
LER300,3
LER320,3
LER330,3
LER410,4
LER440,4
LER480,4
LER521,4
LER522,4
LER523,4
LER526,4
LER530,4
LER531,4
LER532,4
LER533,4
LER534,4
LER535,4
LER536,4
LER537,4
LER539,4
LER540,4
LER541,4
LER542,4
LER543,4
LER544,4
LER545,4
LER546,4
LER547,4
LER550,4
LER551,4
LER554,4
LER556,4
LER557,4
LER558,4
LER559,4
LER560,4
LER561,4
LER562,4
LER564,2
LER565,4
LER566,4
LER567,2
LER568,4
LER569,2
LER570,2
LER571,4
LER572,2
LER580,0
LER590,8
LER591,4
LER593,4
LER594,4
LER595,4
LER597,4
LER598,4
LER599,16
LGLA408,3
LING100,3
LING104,3
LING110,0
LING115,3
LING191,3
LING199,5
LING210,3
LING221,4
LING222,3
LING225,3
LING240,3
LING250,3
LING270,3
LING290,4
LING291,3
LING300,4
LING301,3
LING302,3
LING303,4
LING304,3
LING307,3
LING321,4
LING357,3
LING391,4
LING400,4
LING401,4
LING402,4
LING403,4
LING404,5
LING406,4
LING407,4
LING410,4
LING412,4
LING413,4
LING415,4
LING416,3
LING418,4
LING423,4
LING425,4
LING426,4
LING427,4
LING430,4
LING438,4
LING446,4
LING448,4
LING450,4
LING462,4
LING469,4
LING480,4
LING489,4
LING490,4
LING501,4
LING502,4
LING504,2
LING506,4
LING507,4
LING512,4
LING514,4
LING516,4
LING518,4
LING520,4
LING522,4
LING524,4
LING525,4
LING529,4
LING541,4
LING542,4
LING547,4
LING550,4
LING551,4
LING559,4
LING560,4
LING570,4
LING575,4
LING576,4
LING582,4
LING584,4
LING587,4
LING588,4
LING590,8
LING591,4
LING599,16
LLS100,3
LLS199,5
LLS200,3
LLS201,3
LLS215,3
LLS220,3
LLS230,3
LLS235,3
LLS238,3
LLS240,3
LLS242,3
LLS246,3
LLS248,3
LLS250,3
LLS258,3
LLS259,3
LLS260,3
LLS278,3
LLS279,3
LLS280,3
LLS281,3
LLS282,3
LLS296,3
LLS305,3
LLS308,3
LLS310,4
LLS316,3
LLS320,3
LLS322,3
LLS343,3
LLS355,3
LLS357,3
LLS360,3
LLS365,3
LLS368,3
LLS370,3
LLS372,3
LLS375,3
LLS377,3
LLS379,3
LLS382,3
LLS385,3
LLS387,3
LLS390,3
LLS391,3
LLS392,3
LLS396,3
LLS410,4
LLS412,4
LLS416,4
LLS433,4
LLS435,4
LLS442,4
LLS449,4
LLS458,4
LLS460,4
LLS465,4
LLS468,4
LLS472,4
LLS473,4
LLS475,4
LLS479,4
LLS490,4
LLS495,4
LLS496,4
LLS517,4
LLS554,4
LLS561,4
LLS577,4
LLS590,4
LLS596,4
MACS100,3
MACS101,3
MACS104,3
MACS117,3
MACS140,3
MACS150,4
MACS166,3
MACS199,5
MACS202,3
MACS203,3
MACS204,3
MACS205,3
MACS207,3
MACS211,3
MACS224,3
MACS227,3
MACS250,3
MACS260,4
MACS261,3
MACS262,3
MACS264,4
MACS265,3
MACS266,3
MACS273,3
MACS275,3
MACS282,3
MACS284,3
MACS295,3
MACS300,3
MACS301,3
MACS317,3
MACS320,3
MACS321,3
MACS322,3
MACS323,3
MACS326,3
MACS331,3
MACS335,3
MACS345,3
MACS346,3
MACS350,3
MACS351,3
MACS356,3
MACS361,3
MACS364,3
MACS365,3
MACS366,3
MACS370,4
MACS371,4
MACS372,3
MACS373,3
MACS375,3
MACS377,3
MACS380,3
MACS381,3
MACS382,3
MACS383,3
MACS389,3
MACS391,3
MACS395,3
MACS408,4
MACS410,4
MACS419,4
MACS423,4
MACS425,4
MACS432,4
MACS461,4
MACS463,3
MACS466,4
MACS470,4
MACS472,4
MACS480,3
MACS481,3
MACS484,3
MACS485,4
MACS490,4
MACS492,4
MACS493,3
MACS494,3
MACS495,1
MACS496,4
MACS499,0
MACS503,4
MACS504,4
MACS590,4
MATH101,3
MATH103,4
MATH112,3
MATH114,2
MATH115,3
MATH117,4
MATH119,3
MATH124,3
MATH181,3
MATH198,3
MATH199,5
MATH213,3
MATH220,5
MATH221,4
MATH225,2
MATH227,3
MATH231,3
MATH234,4
MATH241,4
MATH257,3
MATH284,4
MATH285,3
MATH292,2
MATH299,4
MATH314,4
MATH347,3
MATH357,3
MATH362,3
MATH390,3
MATH399,0
MATH402,4
MATH403,4
MATH405,4
MATH406,4
MATH412,4
MATH413,4
MATH414,4
MATH415,4
MATH416,4
MATH417,4
MATH418,4
MATH423,4
MATH424,3
MATH425,3
MATH427,3
MATH428,3
MATH432,4
MATH439,4
MATH441,4
MATH442,4
MATH444,4
MATH446,4
MATH447,4
MATH448,4
MATH449,4
MATH450,4
MATH453,4
MATH461,4
MATH463,4
MATH464,4
MATH466,4
MATH467,4
MATH473,4
MATH475,4
MATH481,4
MATH482,4
MATH484,4
MATH487,4
MATH489,4
MATH490,4
MATH492,3
MATH495,4
MATH496,3
MATH499,1
MATH500,4
MATH501,4
MATH502,4
MATH503,4
MATH505,4
MATH506,4
MATH510,4
MATH511,4
MATH512,4
MATH514,4
MATH518,4
MATH519,4
MATH520,4
MATH522,4
MATH525,4
MATH526,4
MATH527,4
MATH530,4
MATH531,4
MATH532,4
MATH533,4
MATH535,4
MATH540,4
MATH541,4
MATH542,4
MATH543,4
MATH545,4
MATH546,4
MATH547,4
MATH550,4
MATH552,4
MATH553,4
MATH554,4
MATH555,4
MATH558,4
MATH561,4
MATH562,4
MATH563,4
MATH564,4
MATH570,4
MATH571,4
MATH574,4
MATH580,4
MATH581,4
MATH582,4
MATH583,4
MATH584,4
MATH585,4
MATH586,4
MATH589,4
MATH593,0
MATH595,4
MATH597,8
MATH598,4
MATH599,16
MBA500,0
MBA501,2
MBA502,2
MBA503,2
MBA504,2
MBA505,2
MBA520,4
MBA530,0
MBA531,4
MBA542,4
MBA543,4
MBA545,4
MBA546,4
MBA547,4
MBA548,4
MBA549,4
MBA551,4
MBA552,4
MBA553,4
MBA561,2
MBA562,2
MBA563,4
MBA564,2
MBA565,4
MBA581,2
MBA590,0
MBA592,4
MBA597,0
MBA598,0
MCB100,3
MCB101,2
MCB150,4
MCB151,1
MCB170,3
MCB198,0
MCB199,5
MCB244,3
MCB245,2
MCB246,3
MCB247,2
MCB250,3
MCB251,2
MCB252,3
MCB253,2
MCB290,5
MCB292,2
MCB297,1
MCB298,1
MCB299,1
MCB300,3
MCB301,3
MCB314,3
MCB316,4
MCB317,4
MCB320,3
MCB354,3
MCB364,2
MCB400,3
MCB401,3
MCB402,3
MCB406,3
MCB408,3
MCB410,3
MCB413,3
MCB419,3
MCB421,3
MCB424,3
MCB426,3
MCB428,2
MCB430,3
MCB431,3
MCB432,3
MCB433,3
MCB434,3
MCB435,3
MCB436,1
MCB438,3
MCB442,4
MCB446,3
MCB450,3
MCB460,2
MCB461,3
MCB462,3
MCB465,3
MCB466,3
MCB471,3
MCB474,3
MCB480,3
MCB492,5
MCB493,4
MCB501,4
MCB502,4
MCB509,2
MCB511,3
MCB520,1
MCB521,1
MCB526,1
MCB529,4
MCB530,1
MCB532,1
MCB533,3
MCB534,1
MCB539,1
MCB540,3
MCB542,2
MCB543,2
MCB545,3
MCB550,4
MCB553,4
MCB555,2
MCB561,3
MCB571,4
MCB580,1
MCB581,3
MCB582,3
MCB583,3
MCB585,1
MDIA100,1
MDIA199,3
MDIA223,3
MDIA290,3
MDIA299,18
MDIA390,3
MDIA400,3
MDIA512,4
MDIA524,4
MDIA525,4
MDIA560,4
MDIA568,4
MDIA570,4
MDIA571,4
MDIA572,4
MDIA573,4
MDIA575,4
MDIA577,4
MDIA578,4
MDIA580,4
MDIA590,8
MDIA592,4
MDIA593,4
MDIA599,16
MDVL111,4
MDVL122,3
MDVL201,3
MDVL216,3
MDVL222,3
MDVL231,3
MDVL240,3
MDVL245,3
MDVL247,3
MDVL251,3
MDVL252,3
MDVL255,3
MDVL344,3
MDVL345,3
MDVL346,3
MDVL407,4
MDVL410,4
MDVL411,4
MDVL412,3
MDVL413,4
MDVL414,4
MDVL417,4
MDVL420,4
MDVL423,4
MDVL424,4
MDVL431,4
MDVL433,4
MDVL440,4
MDVL443,4
MDVL444,4
MDVL460,4
MDVL470,3
MDVL500,4
MDVL504,4
MDVL505,4
MDVL506,4
MDVL512,3
MDVL514,4
MDVL515,4
MDVL522,4
MDVL530,4
MDVL540,4
MDVL542,4
MDVL543,4
MDVL570,4
MDVL571,4
ME170,3
ME199,5
ME200,3
ME270,3
ME290,0
ME297,3
ME310,4
ME320,4
ME330,4
ME340,5
ME360,5
ME370,3
ME371,3
ME400,4
ME401,4
ME402,4
ME403,4
ME404,4
ME410,4
ME411,4
ME412,4
ME420,4
ME430,4
ME431,4
ME432,4
ME440,4
ME445,4
ME446,4
ME447,4
ME451,4
ME452,4
ME453,4
ME455,4
ME458,4
ME460,4
ME461,4
ME462,4
ME470,3
ME471,4
ME472,4
ME475,4
ME481,4
ME482,4
ME483,4
ME487,4
ME496,4
ME497,3
ME498,4
ME501,4
ME502,4
ME503,4
ME504,4
ME510,4
ME512,4
ME520,4
ME521,4
ME522,4
ME523,4
ME530,4
ME531,4
ME540,4
ME543,4
ME544,4
ME546,4
ME547,4
ME561,4
ME562,4
ME570,4
ME586,4
ME588,4
ME590,1
ME591,1
ME597,4
ME598,4
ME599,16
MICR590,16
MICR595,1
MICR599,16
MILS101,2
MILS102,2
MILS112,0
MILS114,0
MILS120,3
MILS201,2
MILS202,2
MILS212,0
MILS214,0
MILS301,3
MILS302,3
MILS312,0
MILS314,0
MILS322,0
MILS324,0
MILS325,3
MILS341,3
MILS342,3
MIP590,16
MIP595,1
MIP599,16
MSE101,3
MSE182,2
MSE183,1
MSE199,5
MSE201,3
MSE206,4
MSE280,3
MSE304,3
MSE307,3
MSE308,3
MSE396,3
MSE397,4
MSE398,4
MSE401,3
MSE402,3
MSE403,3
MSE404,5
MSE405,3
MSE406,3
MSE420,3
MSE421,4
MSE422,3
MSE440,3
MSE441,3
MSE443,3
MSE450,4
MSE453,3
MSE455,3
MSE456,3
MSE457,4
MSE458,4
MSE460,3
MSE461,3
MSE464,4
MSE466,3
MSE470,3
MSE473,3
MSE474,3
MSE480,4
MSE481,4
MSE485,4
MSE487,4
MSE488,4
MSE489,4
MSE492,1
MSE494,1
MSE495,2
MSE497,4
MSE498,4
MSE499,5
MSE500,4
MSE501,4
MSE522,4
MSE529,1
MSE552,4
MSE559,1
MSE580,4
MSE581,4
MSE582,4
MSE583,4
MSE584,4
MSE585,2
MSE590,1
MSE595,1
MSE597,4
MSE598,4
MSE599,16
MUSC101,4
MUSC102,4
MUSC103,4
MUSC105,3
MUSC110,4
MUSC111,4
MUSC112,4
MUSC113,4
MUSC114,4
MUSC115,4
MUSC116,4
MUSC117,4
MUSC120,4
MUSC121,4
MUSC122,4
MUSC123,4
MUSC124,4
MUSC125,4
MUSC126,4
MUSC127,4
MUSC128,4
MUSC129,4
MUSC130,4
MUSC131,4
MUSC132,4
MUSC133,4
MUSC134,4
MUSC135,4
MUSC136,4
MUSC137,4
MUSC138,4
MUSC139,4
MUSC140,4
MUSC141,4
MUSC142,4
MUSC300,0
MUSC400,0
MUSC401,4
MUSC402,4
MUSC403,4
MUSC404,4
MUSC405,4
MUSC406,2
MUSC407,2
MUSC410,4
MUSC411,4
MUSC412,4
MUSC413,4
MUSC414,4
MUSC415,4
MUSC416,4
MUSC417,4
MUSC420,4
MUSC421,4
MUSC422,4
MUSC423,4
MUSC424,4
MUSC425,4
MUSC426,4
MUSC427,4
MUSC428,4
MUSC429,4
MUSC430,4
MUSC431,4
MUSC432,4
MUSC433,4
MUSC434,4
MUSC435,4
MUSC436,4
MUSC437,4
MUSC438,4
MUSC439,4
MUSC440,4
MUSC441,4
MUSC442,4
MUSC447,1
MUSC448,1
MUSC449,1
MUSC450,1
MUSC451,1
MUSC452,1
MUSC453,1
MUSC454,1
MUSC455,1
MUSC456,1
MUSC457,1
MUSC458,1
MUSC460,1
MUSC461,1
MUSC462,1
MUSC463,1
MUSC464,1
MUSC465,1
MUSC466,1
MUSC467,1
MUSC468,2
MUSC469,2
MUSC470,2
MUSC471,2
MUSC472,1
MUSC473,1
MUSC474,1
MUSC475,1
MUSC476,1
MUSC477,1
MUSC478,1
MUSC480,1
MUSC481,1
MUSC482,1
MUSC483,1
MUSC484,1
MUSC485,1
MUSC486,1
MUSC487,3
MUSC488,1
MUSC489,1
MUSC490,1
MUSC491,1
MUSC492,1
MUSC493,1
MUSC494,1
MUSC495,1
MUSC496,1
MUSC497,1
MUSC498,1
MUSC500,0
MUSC501,5
MUSC502,5
MUSC503,5
MUSC504,4
MUSC505,5
MUSC506,2
MUSC507,2
MUSC510,5
MUSC511,5
MUSC512,5
MUSC513,5
MUSC514,5
MUSC515,5
MUSC516,5
MUSC517,5
MUSC520,5
MUSC521,5
MUSC522,5
MUSC523,5
MUSC524,5
MUSC525,5
MUSC526,5
MUSC527,5
MUSC528,5
MUSC529,5
MUSC530,5
MUSC531,4
MUSC532,4
MUSC533,4
MUSC534,4
MUSC535,4
MUSC536,4
MUSC537,4
MUSC538,4
MUSC539,4
MUSC540,4
MUSC541,4
MUSC542,4
MUSE200,3
MUSE250,3
MUSE389,3
MUSE390,3
MUSE500,4
MUSE589,4
MUSE590,4
MUS90,0
MUS100,0
MUS101,2
MUS102,2
MUS103,3
MUS104,3
MUS105,2
MUS106,2
MUS107,2
MUS108,2
MUS110,3
MUS120,1
MUS121,1
MUS122,1
MUS123,1
MUS125,1
MUS128,3
MUS129,3
MUS130,3
MUS132,3
MUS133,3
MUS140,2
MUS144,5
MUS146,5
MUS147,5
MUS148,5
MUS149,5
MUS151,5
MUS153,5
MUS154,5
MUS155,5
MUS158,2
MUS160,2
MUS161,2
MUS163,2
MUS164,2
MUS166,2
MUS167,2
MUS169,2
MUS172,2
MUS173,2
MUS174,2
MUS175,2
MUS199,5
MUS201,2
MUS202,2
MUS205,2
MUS206,2
MUS207,2
MUS208,2
MUS209,3
MUS222,1
MUS240,1
MUS242,2
MUS243,2
MUS244,3
MUS299,2
MUS305,3
MUS313,3
MUS314,3
MUS317,3
MUS318,3
MUS320,2
MUS326,2
MUS330,2
MUS331,2
MUS332,3
MUS333,3
MUS335,2
MUS336,3
MUS339,3
MUS342,3
MUS343,3
MUS344,2
MUS345,2
MUS346,2
MUS348,1
MUS350,5
MUS352,3
MUS355,3
MUS360,2
MUS361,2
MUS362,3
MUS363,3
MUS364,2
MUS365,2
MUS368,2
MUS369,2
MUS400,3
MUS401,2
MUS404,2
MUS405,3
MUS406,3
MUS407,3
MUS408,3
MUS409,2
MUS410,3
MUS411,3
MUS412,3
MUS413,3
MUS414,3
MUS415,3
MUS416,3
MUS418,3
MUS419,3
MUS421,3
MUS422,2
MUS423,2
MUS426,3
MUS427,2
MUS429,2
MUS430,2
MUS431,2
MUS432,2
MUS433,4
MUS434,4
MUS435,2
MUS436,2
MUS437,4
MUS438,2
MUS439,3
MUS440,2
MUS441,2
MUS442,2
MUS443,1
MUS444,2
MUS446,2
MUS447,4
MUS449,2
MUS451,2
MUS452,2
MUS453,2
MUS454,2
MUS455,2
MUS456,2
MUS459,12
MUS460,1
MUS461,1
MUS462,2
MUS463,2
MUS464,4
MUS465,4
MUS469,3
MUS470,3
MUS471,2
MUS472,1
MUS474,1
MUS475,1
MUS499,4
MUS500,1
MUS501,4
MUS502,3
MUS504,4
MUS505,4
MUS506,4
MUS507,4
MUS508,4
MUS509,2
MUS510,4
MUS511,4
MUS512,4
MUS513,4
MUS514,4
MUS515,4
MUS516,4
MUS517,4
MUS518,4
MUS519,4
MUS520,4
MUS521,4
MUS522,4
MUS523,4
MUS524,4
MUS525,4
MUS526,4
MUS527,4
MUS528,4
MUS529,4
MUS530,4
MUS531,4
MUS532,4
MUS533,4
MUS534,4
MUS535,4
MUS536,4
MUS539,4
MUS540,4
MUS541,4
MUS542,4
MUS543,4
MUS544,2
MUS545,4
MUS546,4
MUS547,4
MUS548,4
MUS549,4
MUS550,2
MUS551,2
MUS552,2
MUS553,4
MUS555,2
MUS556,2
MUS557,4
MUS558,4
MUS559,4
MUS560,4
MUS561,4
MUS562,4
MUS563,2
MUS564,2
MUS565,2
MUS566,4
MUS567,4
MUS568,2
MUS569,2
MUS570,4
MUS571,4
MUS572,4
MUS573,4
MUS574,4
MUS575,4
MUS576,16
MUS578,3
MUS599,16
NE100,2
NE330,3
NE402,4
NE410,4
NE412,3
NE420,4
NE422,4
NE430,3
NE431,4
NEUR302,3
NEUR313,3
NEUR314,3
NEUR403,4
NEUR405,4
NEUR413,4
NEUR414,4
NEUR417,4
NEUR419,3
NEUR421,4
NEUR432,3
NEUR433,4
NEUR445,4
NEUR450,4
NEUR451,4
NEUR453,4
NEUR454,3
NEUR460,4
NEUR461,3
NEUR462,3
NEUR500,1
NEUR510,4
NEUR520,1
NEUR542,2
NEUR543,2
NEUR590,16
NEUR598,2
NEUR599,16
NPRE100,1
NPRE101,3
NPRE199,5
NPRE200,2
NPRE201,3
NPRE247,3
NPRE321,3
NPRE330,3
NPRE349,2
NPRE397,4
NPRE398,4
NPRE402,4
NPRE412,4
NPRE413,3
NPRE421,3
NPRE423,2
NPRE429,3
NPRE430,3
NPRE432,2
NPRE435,3
NPRE441,4
NPRE442,3
NPRE445,4
NPRE448,4
NPRE449,3
NPRE451,3
NPRE452,4
NPRE455,4
NPRE457,4
NPRE458,4
NPRE461,4
NPRE470,3
NPRE475,4
NPRE480,3
NPRE481,4
NPRE483,1
NPRE498,4
NPRE501,4
NPRE511,4
NPRE521,4
NPRE522,4
NPRE523,4
NPRE526,4
NPRE527,4
NPRE531,4
NPRE554,8
NPRE555,4
NPRE558,4
NPRE560,4
NPRE561,4
NPRE595,1
NPRE596,1
NPRE597,8
NPRE598,4
NPRE599,16
NRES100,3
NRES101,3
NRES102,3
NRES103,3
NRES105,3
NRES108,1
NRES109,3
NRES199,5
NRES201,4
NRES202,3
NRES210,3
NRES219,3
NRES220,3
NRES223,3
NRES224,3
NRES242,3
NRES270,3
NRES285,2
NRES287,3
NRES293,4
NRES294,4
NRES295,4
NRES298,3
NRES302,4
NRES310,3
NRES325,3
NRES330,3
NRES340,3
NRES348,3
NRES351,3
NRES352,4
NRES362,3
NRES368,4
NRES370,3
NRES396,4
NRES401,3
NRES403,3
NRES406,4
NRES407,4
NRES409,4
NRES415,4
NRES416,3
NRES417,4
NRES418,3
NRES419,3
NRES420,4
NRES421,3
NRES422,4
NRES425,3
NRES426,3
NRES427,4
NRES428,3
NRES429,3
NRES431,3
NRES434,3
NRES438,3
NRES439,3
NRES440,4
NRES441,3
NRES442,4
NRES445,4
NRES446,4
NRES452,3
NRES454,4
NRES455,3
NRES456,3
NRES460,4
NRES461,4
NRES462,3
NRES463,4
NRES464,4
NRES465,3
NRES471,3
NRES472,4
NRES473,3
NRES474,3
NRES475,3
NRES477,3
NRES480,3
NRES482,3
NRES485,4
NRES487,3
NRES488,3
NRES490,4
NRES499,4
NRES500,1
NRES501,4
NRES502,4
NRES503,8
NRES504,4
NRES505,8
NRES508,4
NRES510,4
NRES511,4
NRES512,2
NRES516,4
NRES517,4
NRES527,4
NRES572,4
NRES586,4
NRES592,4
NRES593,4
NRES594,1
NRES595,4
NRES598,4
NRES599,12
NS100,0
NS101,2
NS102,2
NS120,3
NS204,3
NS303,3
NS305,3
NS306,3
NS307,3
NS308,3
NS321,3
NS323,3
NUTR417,4
NUTR420,3
NUTR422,3
NUTR424,3
NUTR426,3
NUTR427,3
NUTR428,3
NUTR440,4
NUTR500,1
NUTR510,3
NUTR511,4
NUTR520,3
NUTR521,3
NUTR522,3
NUTR523,3
NUTR524,2
NUTR526,3
NUTR527,3
NUTR550,3
NUTR561,2
NUTR580,3
NUTR581,4
NUTR582,4
NUTR583,4
NUTR590,2
NUTR591,2
NUTR593,2
NUTR599,12
PATH290,5
PATH394,4
PATH410,4
PATH433,3
PATH439,3
PATH494,4
PATH511,1
PATH515,4
PATH516,3
PATH517,4
PATH519,3
PATH520,4
PATH521,2
PATH523,2
PATH524,4
PATH527,1
PATH530,3
PATH534,3
PATH542,1
PATH545,6
PATH546,6
PATH547,1
PATH551,1
PATH552,4
PATH555,4
PATH556,2
PATH557,2
PATH558,1
PATH559,2
PATH560,4
PATH575,1
PATH576,1
PATH577,2
PATH578,4
PATH579,3
PATH590,1
PATH592,4
PATH596,1
PATH598,8
PATH599,16
PATH629,2
PATH644,1
PATH692,3
PBIO599,16
PERS199,5
PERS201,5
PERS202,5
PERS403,4
PERS404,4
PERS453,4
PERS454,4
PHIL100,3
PHIL101,3
PHIL102,3
PHIL103,3
PHIL104,3
PHIL105,3
PHIL106,3
PHIL107,3
PHIL108,3
PHIL109,3
PHIL110,3
PHIL199,5
PHIL201,3
PHIL202,3
PHIL203,4
PHIL206,4
PHIL210,3
PHIL214,3
PHIL222,3
PHIL223,3
PHIL230,3
PHIL231,3
PHIL250,3
PHIL270,3
PHIL307,3
PHIL316,3
PHIL351,3
PHIL380,3
PHIL390,4
PHIL404,4
PHIL407,4
PHIL410,4
PHIL411,4
PHIL412,4
PHIL414,4
PHIL419,4
PHIL420,2
PHIL421,4
PHIL422,4
PHIL424,4
PHIL425,4
PHIL426,4
PHIL429,4
PHIL430,4
PHIL433,4
PHIL435,4
PHIL436,4
PHIL438,4
PHIL439,4
PHIL440,4
PHIL441,4
PHIL442,4
PHIL443,4
PHIL453,4
PHIL454,4
PHIL458,3
PHIL460,4
PHIL471,4
PHIL472,4
PHIL477,4
PHIL492,4
PHIL499,3
PHIL501,4
PHIL507,4
PHIL511,4
PHIL512,4
PHIL513,4
PHIL514,4
PHIL517,4
PHIL521,4
PHIL523,4
PHIL525,4
PHIL530,3
PHIL547,4
PHIL551,4
PHIL583,4
PHIL590,12
PHIL599,16
PHYS100,2
PHYS101,5
PHYS102,5
PHYS110,0
PHYS123,3
PHYS140,3
PHYS150,3
PHYS192,1
PHYS193,2
PHYS194,1
PHYS199,5
PHYS211,4
PHYS212,4
PHYS213,2
PHYS214,2
PHYS221,1
PHYS222,1
PHYS225,2
PHYS246,2
PHYS280,3
PHYS298,4
PHYS325,3
PHYS326,3
PHYS329,3
PHYS330,3
PHYS370,3
PHYS371,3
PHYS394,2
PHYS395,1
PHYS398,4
PHYS401,3
PHYS402,4
PHYS403,5
PHYS404,5
PHYS406,4
PHYS407,4
PHYS419,4
PHYS420,2
PHYS427,4
PHYS435,3
PHYS436,3
PHYS446,3
PHYS460,4
PHYS466,4
PHYS470,4
PHYS475,4
PHYS485,3
PHYS486,4
PHYS487,4
PHYS495,3
PHYS496,3
PHYS497,4
PHYS498,4
PHYS499,3
PHYS503,4
PHYS504,4
PHYS505,4
PHYS508,4
PHYS509,4
PHYS510,4
PHYS513,4
PHYS514,4
PHYS515,4
PHYS516,4
PHYS523,4
PHYS524,2
PHYS525,2
PHYS535,4
PHYS540,4
PHYS541,4
PHYS542,4
PHYS550,4
PHYS552,4
PHYS554,4
PHYS560,4
PHYS561,4
PHYS563,4
PHYS565,4
PHYS569,4
PHYS570,4
PHYS575,4
PHYS576,4
PHYS580,4
PHYS581,4
PHYS582,4
PHYS583,4
PHYS590,3
PHYS591,3
PHYS595,4
PHYS596,1
PHYS597,16
PHYS598,4
PHYS599,16
PLPA200,3
PLPA395,4
PLPA403,3
PLPA405,3
PLPA509,3
POL101,4
POL102,4
POL115,3
POL199,5
POL201,4
POL202,4
POL245,3
POL301,3
POL302,3
POL401,3
POL402,3
POL446,4
PORT150,3
PORT199,5
PORT400,4
PORT401,4
PORT402,3
PORT403,4
PORT404,4
PORT406,4
PORT410,4
PORT435,4
PORT460,4
PORT489,4
PORT559,4
PORT571,4
PORT572,4
PORT580,4
PORT584,4
PORT588,4
PORT595,4
PORT599,16
PSM501,1
PSM502,1
PSM503,1
PSM520,3
PSM555,1
PS100,3
PS101,3
PS125,3
PS152,3
PS153,3
PS170,3
PS180,3
PS191,2
PS199,5
PS201,3
PS202,3
PS214,3
PS220,3
PS224,3
PS225,3
PS230,3
PS231,3
PS240,3
PS241,3
PS242,3
PS243,3
PS244,3
PS250,3
PS270,3
PS272,3
PS273,3
PS280,3
PS281,3
PS282,3
PS283,3
PS291,3
PS292,4
PS299,18
PS300,3
PS301,3
PS302,3
PS303,3
PS304,3
PS305,3
PS306,3
PS307,3
PS309,3
PS310,3
PS311,3
PS312,3
PS313,3
PS314,3
PS315,3
PS316,3
PS317,3
PS318,3
PS319,3
PS320,3
PS321,3
PS322,3
PS323,3
PS328,3
PS329,3
PS330,3
PS331,3
PS340,3
PS341,3
PS343,3
PS344,3
PS345,3
PS346,3
PS347,3
PS348,3
PS351,3
PS352,3
PS353,3
PS355,3
PS356,3
PS357,3
PS358,3
PS359,3
PS370,3
PS371,3
PS372,3
PS373,3
PS374,3
PS375,3
PS376,3
PS377,3
PS379,3
PS380,3
PS381,3
PS382,3
PS383,3
PS384,3
PS385,3
PS386,3
PS387,3
PS389,3
PS390,3
PS391,3
PS392,3
PS393,4
PS394,3
PS395,3
PS396,3
PS397,3
PS398,3
PS399,3
PS408,4
PS411,4
PS413,4
PS415,4
PS418,4
PS456,4
PS457,4
PS458,3
PS480,3
PS481,3
PS482,3
PS490,4
PS491,6
PS492,3
PS494,3
PS495,3
PS496,6
PS501,4
PS502,4
PS503,4
PS506,4
PS507,4
PS511,4
PS512,4
PS514,4
PS519,4
PS521,4
PS522,4
PS523,4
PS524,4
PS525,4
PS526,4
PS528,4
PS530,4
PS531,4
PS532,4
PS534,4
PS540,4
PS541,4
PS543,4
PS546,4
PS548,4
PS549,4
PS571,4
PS572,4
PS579,4
PS580,4
PS581,4
PS582,4
PS583,4
PS584,4
PS585,4
PS587,4
PS589,4
PS590,12
PS596,2
PS597,0
PS598,4
PS599,16
PSYC100,4
PSYC102,0
PSYC103,4
PSYC144,3
PSYC199,5
PSYC201,3
PSYC204,3
PSYC207,3
PSYC210,3
PSYC216,3
PSYC220,3
PSYC224,3
PSYC225,3
PSYC230,3
PSYC235,3
PSYC236,3
PSYC238,3
PSYC239,3
PSYC245,3
PSYC248,3
PSYC250,3
PSYC255,3
PSYC290,4
PSYC296,3
PSYC301,5
PSYC302,3
PSYC306,3
PSYC308,3
PSYC311,4
PSYC312,3
PSYC313,3
PSYC318,3
PSYC320,3
PSYC321,3
PSYC322,3
PSYC324,3
PSYC328,3
PSYC329,3
PSYC331,4
PSYC332,4
PSYC333,4
PSYC334,4
PSYC336,3
PSYC339,3
PSYC340,4
PSYC341,4
PSYC350,4
PSYC351,3
PSYC353,3
PSYC355,3
PSYC358,4
PSYC361,3
PSYC363,4
PSYC365,3
PSYC379,4
PSYC396,3
PSYC398,3
PSYC402,4
PSYC403,4
PSYC404,4
PSYC408,4
PSYC410,3
PSYC413,4
PSYC414,4
PSYC416,4
PSYC417,4
PSYC420,4
PSYC421,4
PSYC423,4
PSYC425,4
PSYC427,4
PSYC432,3
PSYC433,4
PSYC443,4
PSYC445,4
PSYC450,4
PSYC451,4
PSYC453,4
PSYC455,4
PSYC456,4
PSYC462,4
PSYC465,4
PSYC468,4
PSYC472,4
PSYC475,4
PSYC477,4
PSYC489,4
PSYC490,4
PSYC492,3
PSYC494,4
PSYC496,4
PSYC498,3
PSYC499,3
PSYC500,4
PSYC501,4
PSYC504,4
PSYC506,4
PSYC507,4
PSYC510,4
PSYC514,4
PSYC515,3
PSYC516,4
PSYC518,4
PSYC521,4
PSYC524,4
PSYC525,4
PSYC526,4
PSYC529,4
PSYC530,4
PSYC532,4
PSYC533,4
PSYC534,4
PSYC535,4
PSYC537,4
PSYC538,4
PSYC539,4
PSYC540,4
PSYC541,4
PSYC542,2
PSYC543,2
PSYC544,4
PSYC545,4
PSYC546,4
PSYC548,4
PSYC550,4
PSYC551,4
PSYC552,4
PSYC553,4
PSYC555,4
PSYC558,4
PSYC563,4
PSYC567,4
PSYC570,4
PSYC572,4
PSYC573,4
PSYC574,2
PSYC575,2
PSYC576,4
PSYC577,4
PSYC578,4
PSYC579,4
PSYC581,4
PSYC587,4
PSYC588,4
PSYC589,4
PSYC590,16
PSYC593,4
PSYC594,4
PSYC595,4
PSYC596,4
PSYC598,2
PSYC599,16
QUEC410,4
QUEC411,4
QUEC420,4
QUEC421,4
REES115,3
REES116,3
REES200,3
REES201,3
REES265,3
REES296,3
REES325,3
REES390,3
REES477,4
REES493,3
REES495,3
REES496,4
REES550,4
REES590,8
REES596,4
REES599,8
REL101,3
REL104,3
REL106,3
REL108,3
REL109,3
REL110,3
REL111,4
REL112,4
REL115,3
REL116,3
REL120,3
REL121,3
REL122,3
REL132,3
REL134,3
REL160,3
REL170,3
REL199,5
REL200,4
REL201,3
REL202,3
REL204,4
REL205,5
REL208,3
REL212,3
REL214,3
REL215,3
REL220,3
REL223,3
REL224,3
REL225,3
REL230,3
REL231,3
REL232,3
REL234,3
REL235,3
REL236,3
REL251,3
REL258,3
REL260,3
REL269,3
REL270,3
REL283,3
REL284,3
REL286,3
REL287,3
REL291,3
REL308,3
REL320,3
REL322,3
REL332,3
REL333,3
REL335,3
REL341,3
REL342,3
REL343,3
REL344,3
REL345,3
REL346,3
REL347,3
REL350,3
REL390,6
REL401,4
REL403,4
REL405,4
REL408,4
REL409,4
REL412,4
REL413,4
REL414,4
REL416,3
REL418,4
REL419,4
REL420,4
REL424,4
REL432,4
REL434,4
REL435,4
REL436,4
REL437,4
REL439,4
REL440,4
REL442,4
REL461,4
REL463,4
REL464,4
REL472,4
REL479,4
REL480,4
REL481,4
REL482,4
REL484,3
REL485,4
REL488,4
REL493,3
REL494,4
REL495,4
REL496,4
REL498,4
REL504,4
REL510,4
REL511,4
REL514,4
REL515,4
REL520,4
REL535,4
REL564,4
REL567,4
REL568,4
REL590,6
REL599,16
RHET101,4
RHET102,4
RHET105,4
RHET199,5
RHET233,3
RMLG199,5
RMLG417,4
RMLG435,4
RMLG559,4
RST100,3
RST101,1
RST110,2
RST118,3
RST120,3
RST130,3
RST140,2
RST150,3
RST180,3
RST185,1
RST199,5
RST200,2
RST205,3
RST210,3
RST216,3
RST218,3
RST224,3
RST225,3
RST230,3
RST240,3
RST242,3
RST255,2
RST260,3
RST265,2
RST270,3
RST280,1
RST300,3
RST301,3
RST314,3
RST316,3
RST317,3
RST325,3
RST335,3
RST340,3
RST346,3
RST350,3
RST354,4
RST360,3
RST370,3
RST390,2
RST393,3
RST407,4
RST410,3
RST429,4
RST430,3
RST440,3
RST441,4
RST450,3
RST459,4
RST460,3
RST465,3
RST480,1
RST485,12
RST501,4
RST502,4
RST504,4
RST512,4
RST515,4
RST516,4
RST518,4
RST519,4
RST520,4
RST530,4
RST550,4
RST551,4
RST553,4
RST555,4
RST560,4
RST570,4
RST580,4
RST581,4
RST582,4
RST583,4
RST584,4
RST585,4
RST586,4
RST587,4
RST588,4
RST590,1
RST593,4
RST594,4
RST599,16
RUSS101,4
RUSS102,4
RUSS115,3
RUSS122,3
RUSS199,5
RUSS201,4
RUSS202,4
RUSS219,3
RUSS220,3
RUSS225,3
RUSS260,3
RUSS261,3
RUSS290,4
RUSS301,3
RUSS302,3
RUSS320,3
RUSS322,3
RUSS323,3
RUSS325,3
RUSS335,3
RUSS401,3
RUSS402,3
RUSS418,4
RUSS424,4
RUSS444,4
RUSS460,4
RUSS461,4
RUSS465,4
RUSS466,4
RUSS474,4
RUSS493,2
RUSS501,4
RUSS502,4
RUSS511,4
RUSS512,4
RUSS513,4
RUSS514,4
RUSS520,4
RUSS521,4
RUSS522,4
RUSS523,4
RUSS524,4
RUSS535,4
SAME150,3
SAME152,3
SAME199,5
SAME208,3
SAME211,3
SAME212,3
SAME214,3
SAME223,3
SAME250,3
SAME260,3
SAME265,3
SAME272,3
SAME325,3
SAME350,3
SAME403,4
SAME408,4
SAME410,4
SAME481,4
SAME490,4
SAME514,4
SAME520,4
SAME564,4
SAME590,4
SAME599,8
SBC500,2
SBC501,2
SBC502,3
SBC503,2
SBC504,3
SBC505,3
SBC506,3
SBC508,3
SBC509,3
SBC510,3
SBC511,3
SBC512,2
SCAN101,4
SCAN102,4
SCAN103,4
SCAN104,4
SCAN199,5
SCAN215,3
SCAN225,3
SCAN251,3
SCAN252,3
SCAN305,3
SCAN306,3
SCAN376,3
SCAN463,4
SCAN470,4
SCAN472,4
SCAN490,4
SCAN492,4
SCAN493,4
SCAN494,4
SCAN496,4
SCAN505,4
SCAN506,4
SCAN576,4
SCAN593,8
SE100,1
SE101,3
SE199,5
SE261,2
SE290,0
SE297,4
SE298,4
SE310,3
SE311,3
SE312,1
SE320,4
SE361,3
SE397,4
SE398,4
SE400,4
SE402,4
SE410,3
SE411,4
SE412,4
SE413,4
SE420,4
SE422,4
SE423,3
SE424,3
SE450,4
SE494,3
SE495,2
SE497,4
SE498,4
SE520,4
SE521,4
SE522,4
SE523,4
SE524,4
SE525,4
SE550,4
SE590,0
SE594,8
SE597,4
SE598,4
SE599,16
SHS111,2
SHS112,2
SHS120,3
SHS121,4
SHS150,3
SHS170,3
SHS191,9
SHS199,5
SHS200,3
SHS221,4
SHS222,3
SHS231,3
SHS240,3
SHS270,4
SHS271,3
SHS280,3
SHS291,3
SHS300,4
SHS301,4
SHS320,3
SHS321,4
SHS352,3
SHS375,3
SHS380,3
SHS383,4
SHS385,3
SHS389,3
SHS390,4
SHS395,2
SHS410,2
SHS411,4
SHS427,4
SHS430,3
SHS431,3
SHS433,3
SHS450,4
SHS451,4
SHS470,3
SHS473,3
SHS475,2
SHS477,3
SHS480,2
SHS481,2
SHS482,2
SHS500,4
SHS501,4
SHS510,4
SHS511,3
SHS512,4
SHS513,3
SHS514,3
SHS520,4
SHS532,3
SHS533,4
SHS534,3
SHS535,3
SHS540,3
SHS541,3
SHS542,3
SHS543,2
SHS550,3
SHS551,4
SHS552,3
SHS553,3
SHS554,4
SHS555,4
SHS556,3
SHS557,8
SHS558,2
SHS559,2
SHS560,2
SHS561,3
SHS562,2
SHS563,2
SHS564,3
SHS565,4
SHS570,2
SHS571,2
SHS572,4
SHS574,2
SHS575,2
SHS576,8
SHS577,4
SHS578,2
SHS579,3
SHS580,3
SHS581,3
SHS582,2
SHS586,2
SHS587,2
SHS588,2
SHS590,4
SHS591,0
SHS592,1
SHS593,8
SHS594,4
SHS595,5
SHS599,16
SLAV117,3
SLAV120,3
SLAV199,5
SLAV277,3
SLAV300,1
SLAV399,5
SLAV417,4
SLAV418,4
SLAV419,4
SLAV420,4
SLAV430,4
SLAV452,4
SLAV477,4
SLAV480,4
SLAV501,4
SLAV502,4
SLAV505,4
SLAV525,4
SLAV575,2
SLAV576,4
SLAV577,2
SLAV591,8
SLAV599,16
SLCL110,3
SLCL200,3
SLCL300,1
SLCL520,0
SNSK199,5
SNSK201,4
SNSK202,4
SNSK403,4
SNSK404,4
SOC100,4
SOC101,3
SOC122,3
SOC130,3
SOC160,3
SOC161,3
SOC162,3
SOC163,3
SOC170,3
SOC179,3
SOC180,3
SOC196,3
SOC199,5
SOC200,3
SOC201,3
SOC202,3
SOC221,3
SOC222,3
SOC223,3
SOC225,3
SOC226,3
SOC230,3
SOC255,3
SOC265,3
SOC270,3
SOC273,3
SOC274,3
SOC275,3
SOC278,3
SOC280,4
SOC310,3
SOC320,3
SOC321,3
SOC322,3
SOC324,3
SOC325,3
SOC345,3
SOC350,3
SOC355,3
SOC364,3
SOC366,3
SOC373,3
SOC375,3
SOC378,3
SOC380,4
SOC387,3
SOC390,6
SOC392,3
SOC396,3
SOC400,3
SOC426,4
SOC447,4
SOC450,3
SOC451,4
SOC470,4
SOC472,4
SOC473,4
SOC477,3
SOC478,4
SOC479,4
SOC480,4
SOC481,4
SOC483,4
SOC485,4
SOC488,4
SOC490,3
SOC495,3
SOC496,3
SOC500,4
SOC501,4
SOC510,2
SOC561,4
SOC562,4
SOC563,4
SOC564,4
SOC565,4
SOC572,4
SOC575,4
SOC576,4
SOC578,4
SOC579,4
SOC580,4
SOC581,4
SOC583,4
SOC584,4
SOC586,4
SOC587,4
SOC588,4
SOC590,8
SOC596,4
SOC597,12
SOC598,12
SOC599,16
SOCW101,2
SOCW199,4
SOCW200,3
SOCW220,3
SOCW225,3
SOCW240,3
SOCW245,3
SOCW297,3
SOCW298,0
SOCW299,18
SOCW300,3
SOCW310,3
SOCW315,3
SOCW321,3
SOCW325,3
SOCW330,6
SOCW335,3
SOCW360,3
SOCW370,3
SOCW380,6
SOCW400,4
SOCW401,4
SOCW402,3
SOCW403,3
SOCW404,3
SOCW410,4
SOCW412,4
SOCW416,4
SOCW417,4
SOCW418,4
SOCW420,3
SOCW425,4
SOCW427,4
SOCW436,4
SOCW445,4
SOCW451,4
SOCW455,4
SOCW456,4
SOCW461,4
SOCW470,15
SOCW473,4
SOCW475,4
SOCW480,3
SOCW500,4
SOCW501,4
SOCW502,4
SOCW503,4
SOCW504,4
SOCW505,4
SOCW506,4
SOCW507,4
SOCW508,4
SOCW509,4
SOCW510,4
SOCW513,4
SOCW514,4
SOCW515,4
SOCW516,4
SOCW519,4
SOCW520,4
SOCW521,4
SOCW522,4
SOCW525,4
SOCW526,4
SOCW531,12
SOCW532,12
SOCW533,6
SOCW541,4
SOCW542,4
SOCW552,4
SOCW553,4
SOCW554,4
SOCW561,8
SOCW562,8
SOCW575,4
SOCW576,2
SOCW579,4
SOCW580,4
SOCW581,4
SOCW584,4
SOCW585,4
SOCW589,4
SOCW593,4
SOCW594,4
SOCW595,4
SOCW599,16
SPAN101,4
SPAN102,4
SPAN122,4
SPAN130,4
SPAN141,4
SPAN142,4
SPAN150,3
SPAN199,5
SPAN200,3
SPAN202,3
SPAN204,3
SPAN208,3
SPAN228,3
SPAN232,3
SPAN240,3
SPAN242,3
SPAN246,3
SPAN248,3
SPAN250,3
SPAN252,3
SPAN254,3
SPAN295,3
SPAN299,18
SPAN303,3
SPAN305,3
SPAN307,3
SPAN308,3
SPAN309,3
SPAN310,3
SPAN312,3
SPAN316,3
SPAN318,3
SPAN320,3
SPAN324,3
SPAN326,3
SPAN332,3
SPAN395,3
SPAN399,18
SPAN410,4
SPAN418,4
SPAN430,4
SPAN431,4
SPAN432,4
SPAN433,4
SPAN434,4
SPAN435,4
SPAN436,4
SPAN437,4
SPAN442,4
SPAN460,4
SPAN462,4
SPAN463,4
SPAN464,4
SPAN465,4
SPAN466,4
SPAN467,4
SPAN468,4
SPAN477,3
SPAN489,4
SPAN490,3
SPAN491,3
SPAN528,4
SPAN535,4
SPAN557,4
SPAN558,4
SPAN559,4
SPAN571,4
SPAN572,4
SPAN580,4
SPAN584,4
SPAN588,4
SPAN590,4
SPAN595,4
SPAN599,16
SPED117,3
SPED199,5
SPED312,3
SPED317,3
SPED322,3
SPED391,2
SPED395,4
SPED405,3
SPED410,4
SPED412,4
SPED414,3
SPED416,4
SPED418,3
SPED424,3
SPED426,3
SPED431,2
SPED432,3
SPED435,3
SPED436,4
SPED437,4
SPED438,4
SPED440,4
SPED441,4
SPED442,4
SPED443,4
SPED444,3
SPED446,4
SPED447,4
SPED448,4
SPED450,3
SPED452,4
SPED453,4
SPED460,4
SPED461,3
SPED462,3
SPED465,3
SPED470,3
SPED471,3
SPED488,3
SPED501,2
SPED503,2
SPED505,2
SPED507,2
SPED510,4
SPED514,4
SPED517,4
SPED521,4
SPED524,8
SPED525,2
SPED526,4
SPED538,4
SPED550,4
SPED556,8
SPED565,4
SPED566,4
SPED575,4
SPED583,4
SPED585,4
SPED590,8
SPED591,8
SPED592,4
SPED593,4
SPED595,4
SPED599,16
STAT100,3
STAT107,4
STAT199,5
STAT200,3
STAT207,4
STAT212,3
STAT361,3
STAT385,3
STAT390,2
STAT391,2
STAT400,4
STAT408,4
STAT409,4
STAT410,4
STAT420,4
STAT424,4
STAT425,4
STAT426,4
STAT427,4
STAT428,4
STAT429,4
STAT430,4
STAT431,4
STAT432,4
STAT433,4
STAT434,4
STAT437,4
STAT440,4
STAT443,4
STAT447,4
STAT448,4
STAT480,4
STAT510,4
STAT511,4
STAT525,4
STAT527,4
STAT528,4
STAT530,4
STAT533,4
STAT534,4
STAT541,4
STAT542,4
STAT543,4
STAT545,4
STAT546,4
STAT551,4
STAT552,4
STAT553,4
STAT554,4
STAT555,4
STAT556,4
STAT558,4
STAT571,4
STAT575,4
STAT576,4
STAT578,4
STAT587,4
STAT588,4
STAT590,8
STAT593,8
STAT595,2
STAT599,16
SWAH199,5
SWAH201,5
SWAH202,5
SWAH403,4
SWAH404,4
SWAH405,3
SWAH406,3
SWAH407,3
SWAH408,3
SWAH409,4
SWAH410,4
TAM195,1
TAM199,5
TAM201,3
TAM210,2
TAM211,3
TAM212,3
TAM251,3
TAM252,1
TAM270,3
TAM297,3
TAM324,4
TAM335,4
TAM412,4
TAM413,4
TAM416,4
TAM424,4
TAM428,3
TAM435,4
TAM445,4
TAM451,4
TAM456,3
TAM461,4
TAM470,4
TAM497,3
TAM498,4
TAM500,1
TAM514,4
TAM516,4
TAM518,4
TAM524,4
TAM529,4
TAM531,4
TAM532,4
TAM534,4
TAM536,4
TAM537,4
TAM538,4
TAM539,1
TAM541,4
TAM542,4
TAM545,4
TAM549,4
TAM551,4
TAM552,4
TAM554,4
TAM555,4
TAM557,4
TAM559,4
TAM561,4
TAM570,4
TAM574,4
TAM597,8
TAM598,4
TAM599,16
TE100,1
TE110,2
TE198,4
TE200,1
TE230,3
TE250,2
TE260,1
TE298,3
TE333,4
TE350,2
TE360,1
TE390,2
TE398,4
TE401,4
TE440,3
TE441,2
TE450,3
TE460,1
TE461,3
TE462,3
TE466,2
TE497,4
TE498,4
TE510,4
TE560,1
TE565,2
TE566,2
TE567,1
TE598,4
THEA100,3
THEA101,3
THEA110,3
THEA119,1
THEA121,3
THEA122,3
THEA123,3
THEA126,3
THEA151,3
THEA153,3
THEA170,3
THEA175,3
THEA199,5
THEA200,3
THEA204,3
THEA208,3
THEA209,3
THEA210,3
THEA211,3
THEA212,3
THEA218,3
THEA220,3
THEA222,3
THEA223,3
THEA225,3
THEA231,3
THEA242,3
THEA243,3
THEA260,3
THEA262,3
THEA263,3
THEA270,3
THEA271,2
THEA275,3
THEA276,2
THEA300,3
THEA304,3
THEA323,3
THEA359,2
THEA360,4
THEA361,4
THEA362,3
THEA364,3
THEA371,1
THEA372,2
THEA373,2
THEA374,3
THEA375,1
THEA376,2
THEA377,2
THEA378,3
THEA391,2
THEA392,2
THEA399,4
THEA400,3
THEA401,1
THEA402,4
THEA404,1
THEA405,2
THEA406,4
THEA407,2
THEA408,4
THEA409,4
THEA410,4
THEA411,3
THEA412,3
THEA413,4
THEA414,3
THEA415,4
THEA416,4
THEA417,4
THEA418,4
THEA419,2
THEA420,4
THEA421,4
THEA422,3
THEA423,4
THEA424,3
THEA425,3
THEA426,3
THEA427,3
THEA428,3
THEA429,2
THEA430,3
THEA431,4
THEA432,4
THEA433,2
THEA434,1
THEA435,2
THEA437,2
THEA438,3
THEA441,4
THEA442,4
THEA443,4
THEA444,4
THEA445,3
THEA446,3
THEA447,4
THEA448,3
THEA449,4
THEA450,1
THEA451,4
THEA452,4
THEA453,3
THEA454,3
THEA455,3
THEA456,3
THEA457,2
THEA458,3
THEA461,4
THEA462,4
THEA464,4
THEA466,4
THEA467,4
THEA468,4
THEA469,3
THEA470,4
THEA471,1
THEA472,2
THEA473,2
THEA474,3
THEA475,1
THEA476,2
THEA477,2
THEA478,3
THEA479,2
THEA480,4
THEA481,4
THEA482,4
THEA483,4
THEA484,3
THEA485,4
THEA486,3
THEA489,3
THEA490,14
THEA491,4
THEA492,4
THEA493,4
THEA494,4
THEA495,1
THEA496,1
THEA497,3
THEA498,3
THEA519,2
THEA522,3
THEA530,3
THEA550,8
THEA559,2
THEA560,4
THEA561,4
THEA562,4
THEA564,4
THEA571,1
THEA572,2
THEA573,2
THEA574,3
THEA591,8
THEA594,4
THEA595,8
THEA596,4
THEA599,16
TMGT366,3
TMGT367,3
TMGT460,3
TMGT461,4
TRST201,3
TRST403,3
TRST407,4
TRST410,4
TRST412,4
TRST413,4
TRST415,4
TRST419,4
TRST430,3
TRST431,4
TRST432,4
TRST500,4
TRST501,4
TRST502,4
TRST503,4
TRST505,4
TRST506,4
TRST508,4
TRST540,4
TRST541,4
TRST542,4
TRST543,4
TRST545,4
TRST580,4
TURK199,5
TURK201,5
TURK202,5
TURK270,3
TURK403,4
TURK404,4
TURK405,3
TURK406,3
TURK490,4
UKR101,4
UKR102,4
UKR113,3
UKR199,5
UKR201,4
UKR202,4
UKR218,3
UKR498,4
UP101,3
UP116,3
UP136,3
UP160,3
UP185,3
UP199,5
UP201,3
UP203,3
UP204,3
UP205,3
UP210,3
UP211,3
UP230,3
UP246,3
UP260,3
UP301,1
UP312,4
UP316,3
UP317,3
UP327,3
UP330,3
UP335,3
UP340,3
UP345,3
UP347,4
UP357,3
UP390,3
UP397,3
UP401,1
UP405,4
UP406,4
UP407,4
UP418,4
UP420,4
UP423,4
UP426,4
UP427,4
UP428,6
UP430,4
UP431,4
UP432,3
UP434,4
UP436,4
UP437,4
UP438,4
UP441,4
UP443,3
UP446,4
UP447,4
UP455,4
UP456,4
UP457,4
UP460,4
UP466,4
UP470,4
UP473,4
UP474,4
UP475,4
UP476,4
UP478,4
UP479,4
UP480,2
UP481,4
UP486,4
UP494,6
UP501,4
UP503,4
UP504,4
UP505,4
UP509,4
UP510,4
UP511,4
UP512,4
UP513,4
UP517,4
UP519,4
UP520,4
UP526,4
UP533,4
UP543,4
UP545,4
UP546,4
UP547,4
UP570,4
UP576,4
UP578,4
UP580,4
UP587,4
UP589,4
UP590,0
UP591,4
UP592,0
UP594,6
UP596,8
UP597,4
UP598,8
UP599,16
VCM290,5
VCM501,2
VCM503,1
VCM504,3
VCM505,3
VCM506,1
VCM507,3
VCM508,3
VCM509,3
VCM511,1
VCM513,3
VCM514,3
VCM515,3
VCM517,1
VCM522,1
VCM524,3
VCM527,1
VCM528,3
VCM535,1
VCM536,1
VCM540,1
VCM542,1
VCM547,3
VCM553,1
VCM560,3
VCM561,4
VCM562,3
VCM564,3
VCM565,4
VCM566,3
VCM568,3
VCM569,3
VCM570,3
VCM572,4
VCM577,1
VCM581,1
VCM584,2
VCM585,1
VCM590,1
VCM591,1
VCM592,4
VCM593,4
VCM595,8
VCM598,12
VCM599,12
VCM608,1
VCM614,1
VCM625,1
VCM626,1
VCM627,1
VCM628,1
VCM630,1
VCM635,1
VCM636,2
VCM637,1
VCM640,1
VCM641,1
VCM643,1
VCM644,1
VCM645,1
VCM646,1
VCM648,3
VCM649,2
VCM656,1
VCM657,1
VCM660,1
VCM661,2
VCM663,1
VCM667,1
VCM672,1
VCM673,1
VCM674,1
VCM678,1
VCM679,1
VCM681,1
VCM682,1
VCM685,1
VCM686,1
VCM687,1
VCM688,1
VCM690,1
VCM692,3
VCM693,1
VCM694,3
VCM695,1
VCM696,1
VCM698,1
VM290,5
VM601,4
VM602,9
VM603,9
VM604,9
VM605,9
VM606,4
VM607,10
VM608,9
VM609,10
VM610,10
VM611,9
VM612,8
VM613,13
VM614,8
VM615,8
VM616,8
VM617,8
VM620,3
VM622,2
VM623,2
VM626,1
VM627,1
VM635,2
VM642,1
VM643,1
VM645,1
VM651,5
VM652,5
VM653,7
VM654,5
VM655,7
VM656,5
VM694,4
WGGP581,4
WLOF201,5
WLOF202,5
WLOF403,4
WLOF404,4
WLOF405,3
WLOF406,3
WLOF407,3
WRIT199,5
WRIT300,3
WRIT303,3
YDSH101,4
YDSH102,4
YDSH103,4
YDSH104,4
YDSH220,3
YDSH320,3
YDSH420,4
ZULU201,5
ZULU202,5
ZULU403,4
ZULU404,4
ZULU405,3
ZULU406,3
