CourseID,PrerequisiteID
AAS211,AAS100
AAS211,AAS120
AAS215,AAS100
AAS215,AAS120
AAS215,AFRO100
AAS215,AIS101
AAS215,GWS250
AAS215,LLS100
AAS287,AAS100
AAS287,AAS120
AAS290,AAS100
AAS315,AAS100
AAS315,AAS120
AAS395,AAS100
AAS490,AAS100
ABE227,MATH220
ABE227,MATH221
ABE227,MATH234
ABE228,MATH220
ABE228,MATH221
ABE228,MATH234
ABE340,MATH241
ABE341,ABE227
ABE341,ABE228
ABE361,TAM212
ABE425,ECE205
ABE426,MATH221
ABE426,MATH225
ABE426,MATH285
ABE426,IE300
ABE426,STAT400
ABE426,CS125
ABE436,PHYS211
ABE446,MCB150
ABE451,ABE450
ABE454,TAM335
ABE454,NRES201
ABE455,CEE350
ABE455,NRES401
ABE455,CEE380
ABE455,NRES201
ABE456,TAM335
ABE457,CEE350
ABE458,ABE457
ABE459,TAM335
ABE466,ABE340
ABE466,ME200
ABE476,PHYS213
ABE476,MATH285
ABE476,TAM335
ABE488,ABE340
ABE488,ME200
ABE488,CHBE321
ABE526,MATH225
ABE526,MATH416
ABE526,STAT400
ABE526,MATH461
ACCY201,ACCY201
ACCY201,ECON102
ACCY201,ECON103
ACCY202,ACCY201
ACCY290,ACCY201
ACCY290,ACCY202
ACCY301,ACCY302
ACCY302,ACCY202
ACCY302,ACCY301
ACCY303,ACCY301
ACCY303,FIN221
ACCY304,ACCY301
ACCY304,ACCY302
ACCY312,ACCY202
ACCY405,ACCY304
ACCY410,ACCY303
ACCY415,ACCY304
ACCY419,ACCY301
ACCY419,ACCY501
ACCY451,ACCY312
ACCY502,ACCY501
ACCY503,ACCY501
ACCY504,ACCY502
ACCY506,ACCY502
ACCY507,ACCY505
ACCY510,ACCY410
ACCY511,ACCY410
ACCY511,FIN300
ACCY515,ACCY405
ACCY517,ACCY500
ACCY517,ACCY502
ACCY519,ACCY501
ACCY531,ACCY500
ACCY550,ACCY451
ACCY551,ACCY556
ACCY552,ACCY556
ACCY553,ACCY451
ACCY554,ACCY451
ACCY556,ACCY451
ACCY561,ACCY557
ACCY575,ACCY570
ACCY577,ACCY576
ACCY578,ACCY576
ACCY585,MATH463
ACCY585,ECON502
ACCY594,ACCY592
ACE241,ACE240
ACE243,ACE240
ACE251,ACE100
ACE251,ECON102
ACE264,ACE262
ACE270,ACE100
ACE270,ECON102
ACE300,ACE100
ACE300,ECON102
ACE300,MATH220
ACE300,MATH221
ACE300,MATH234
ACE310,ACE100
ACE310,ECON102
ACE344,ACE240
ACE345,ACCY201
ACE349,ACE240
ACE360,ACE161
ACE360,CS105
ACE410,ACE300
ACE411,ACE300
ACE411,ECON302
ACE417,ACE100
ACE427,ACE100
ACE427,ECON102
ACE427,ACE262
ACE428,ACE222
ACE428,FIN300
ACE430,ACE100
ACE430,ECON102
ACE431,ACE231
ACE431,BADM320
ACE431,ACE222
ACE432,ACE232
ACE435,ACE262
ACE440,ACE345
ACE441,ACE240
ACE441,ACE349
ACE441,FIN230
ACE441,ACE444
ACE441,ACE449
ACE444,ACE345
ACE444,FIN221
ACE445,ACE240
ACE445,ACE300
ACE445,ECON302
ACE446,ACE240
ACE446,ACE345
ACE446,FIN221
ACE446,ACE360
ACE449,ACE240
ACE449,ACE345
ACE451,ACE300
ACE451,ECON302
ACE455,ACE300
ACE455,ECON302
ACE456,ACE300
ACE456,ECON302
ACE471,ACE100
ACE474,ACE270
ACE474,ACE300
ACE474,ECON302
ACE476,ACE300
ACE476,ECON302
ACE501,ECON500
ACE502,ECON500
ACE502,ACE501
ACE503,ECON500
ACE504,MATH220
ACE504,MATH221
ACE504,MATH231
ACE504,MATH415
ACE505,ECON502
ACE510,ECON302
ACE520,ACE562
ACE520,ACE563
ACE520,ECON500
ACE527,ACE562
ACE527,ECON500
ACE528,ECON500
ACE531,ACE500
ACE531,ECON500
ACE532,ACE562
ACE532,ACE564
ACE532,ECON535
ACE542,ECON500
ACE557,ACE500
ACE557,ACE501
ACE557,ECON500
ACE562,ACE262
ACE562,MATH220
ACE562,MATH221
ACE562,MATH234
ACE563,MATH124
ACE563,MATH220
ACE563,MATH221
ACE563,MATH234
ACE564,ACE562
ACE569,ACE561
ACE571,ECON500
ADV222,ADV150
ADV281,STAT100
ADV281,ADV200
ADV333,ADV250
ADV333,ADV284
ADV350,ADV310
ADV360,ADV250
ADV360,ADV284
ADV378,ADV281
ADV396,ADV150
ADV396,ADV281
ADV410,ADV310
ADV452,ADV390
ADV454,ADV452
ADV476,ADV150
ADV478,ADV281
ADV483,ADV250
ADV483,ADV284
ADV484,ADV281
ADV492,CS225
ADV494,ADV281
ADV497,ADV281
ADV498,ADV250
ADV498,ADV360
ADV498,ADV390
ADV588,ADV587
ADV598,ADV588
ADV599,ADV588
AE202,TAM212
AE302,AE352
AE311,AE202
AE312,AE202
AE312,MATH285
AE321,MATH285
AE321,TAM210
AE321,TAM211
AE323,AE321
AE323,MATH241
AE323,MATH285
AE323,TAM210
AE323,TAM211
AE352,MATH225
AE352,MATH257
AE352,MATH415
AE352,MATH285
AE352,MATH284
AE352,MATH441
AE352,TAM212
AE353,MATH225
AE353,MATH257
AE353,MATH415
AE353,MATH285
AE353,TAM212
AE370,AE311
AE370,AE321
AE402,AE202
AE403,AE352
AE403,AE353
AE410,AE311
AE410,AE312
AE412,AE311
AE412,ME310
AE412,TAM335
AE416,AE311
AE419,AE202
AE419,AE353
AE433,AE312
AE433,PHYS212
AE434,AE312
AE435,AE312
AE435,ME410
AE435,PHYS212
AE435,ECE205
AE442,AE311
AE443,AE442
AE451,AE352
AE451,TAM412
AE451,TAM251
AE454,AE353
AE460,AE311
AE460,AE433
AE461,AE321
AE461,AE352
AE480,AE312
AE483,AE202
AE483,AE352
AE483,AE353
AE483,AE370
AE483,PHYS212
AE484,AE202
AE484,AE311
AE485,AE311
AE485,AE312
AE485,ME200
AE502,AE402
AE504,AE352
AE508,AE504
AE511,ME410
AE512,AE311
AE512,AE312
AE512,ME200
AE514,AE412
AE515,AE416
AE522,TAM451
AE522,TAM551
AE523,TAM451
AE523,TAM551
AE525,TAM428
AE526,TAM428
AE527,TAM451
AE527,AE420
AE527,CSE401
AE528,AE321
AE528,TAM451
AE529,AE321
AE529,TAM451
AE542,AE442
AE542,AE443
AE542,ME470
AE542,ECE445
AE542,ECE411
AE542,CS492
AE542,CS493
AE542,CEE465
AE543,AE542
AE550,AE451
AE554,TAM416
AE554,ME340
AE554,TAM412
AE554,AE352
AE555,ECE515
AE556,ECE515
AE556,MATH446
AE560,TAM451
AE560,TAM551
AFAS111,AFAS102
AFAS112,AFAS111
AFAS221,AFAS112
AFAS222,AFAS221
AFAS331,AFAS222
AFAS332,AFAS331
AFAS341,AFAS332
AFAS342,AFAS341
AFRO220,AFRO100
AFRO224,AFRO100
AFRO290,AFRO101
AFRO290,HIST276
AFRO290,HIST172
AFRO290,PS201
AFRO298,AFRO100
AFRO298,AFRO101
AFRO372,AFRO101
AFRO372,HIST276
AFRO372,SOC225
AFRO373,AFRO100
AFRO373,AFRO101
AFRO373,AFRO261
AFRO373,ENGL260
AFRO373,HIST276
AFRO383,AFRO100
AFRO383,AFRO101
AFRO383,AFRO103
AFRO398,AFRO224
AFRO398,HIST275
AFRO398,HIST276
AFRO398,ENGL259
AFRO398,ENGL260
AFRO400,AFRO261
AFRO410,PSYC201
AFRO411,AFRO100
AFRO415,AFRO103
AFRO460,AFRO100
AFRO460,AFRO101
AFRO466,AFRO100
AFRO466,AFRO101
AFRO474,AFRO101
AFRO474,HIST276
AFRO490,AFRO100
AFRO495,AFRO100
AFRO495,AFRO220
AFRO495,AFRO490
AFRO597,AFRO500
AFRO598,AFRO500
AFST410,AFST210
AFST410,AFST222
AGCM380,AGCM220
AGED250,AGED220
AGED350,AGED250
AGED420,AGED220
AGED421,AGED420
AGED430,AGED220
AGED430,HDFS105
AGED430,PSYC100
AGED450,AGED420
AIS502,AIS501
AIS503,AIS501
AIS503,AIS502
ALEC393,ALEC110
ALEC491,ALEC490
ALEC492,ALEC490
ALEC545,ALEC505
ALEC595,ALEC545
ANSC103,ANSC100
ANSC201,ANSC100
ANSC204,ANSC100
ANSC223,ANSC100
ANSC223,ANSC221
ANSC223,CHEM104
ANSC223,CHEM105
ANSC224,ANSC100
ANSC224,ANSC221
ANSC301,ANSC223
ANSC306,ANSC224
ANSC307,ANSC221
ANSC307,ANSC222
ANSC307,ANSC223
ANSC307,ANSC224
ANSC310,ANSC215
ANSC312,ANSC211
ANSC314,ANSC204
ANSC314,ANSC215
ANSC322,ANSC223
ANSC350,CHEM104
ANSC350,CHEM105
ANSC350,ANSC221
ANSC363,ANSC100
ANSC370,ANSC250
ANSC400,ANSC201
ANSC401,ANSC223
ANSC402,ANSC223
ANSC403,ANSC223
ANSC403,ANSC224
ANSC403,ANSC431
ANSC406,ANSC221
ANSC406,IB104
ANSC407,ANSC207
ANSC407,ANSC307
ANSC409,ANSC221
ANSC409,IB100
ANSC409,CHEM102
ANSC420,ANSC223
ANSC421,MCB450
ANSC422,ANSC223
ANSC424,ANSC223
ANSC424,ANSC322
ANSC424,ANSC422
ANSC431,ANSC224
ANSC435,ANSC221
ANSC438,ANSC224
ANSC445,CPSC440
ANSC446,ANSC221
ANSC446,IB204
ANSC446,MATH220
ANSC446,MATH221
ANSC446,MATH234
ANSC451,MCB100
ANSC451,ANSC350
ANSC451,MCB300
ANSC451,MCB424
ANSC452,ANSC221
ANSC452,ANSC222
ANSC452,ANSC223
ANSC452,ANSC224
ANSC454,ANSC221
ANSC454,ANSC222
ANSC454,ANSC450
ANSC464,ANSC221
ANSC464,ANSC222
ANSC467,ANSC221
ANSC467,ANSC222
ANSC467,ANSC223
ANSC470,ANSC250
ANSC480,MATH112
ANSC498,ANSC298
ANSC509,ANSC452
ANSC509,ANSC409
ANSC509,ANSC350
ANSC509,MCB450
ANSC520,MCB450
ANSC520,ANSC222
ANSC522,ANSC420
ANSC522,ANSC350
ANSC522,MCB450
ANSC526,ANSC422
ANSC580,ANSC480
ANTH243,ANTH102
ANTH243,ANTH143
ANTH247,ANTH246
ANTH343,ANTH143
ANTH346,ANTH246
ANTH347,ANTH240
ANTH352,ANTH104
ANTH352,ANTH270
ANTH353,ANTH104
ANTH353,ANTH270
ANTH358,ANTH102
ANTH372,ANTH104
ANTH372,ANTH270
ANTH379,ANTH230
ANTH402,ANTH230
ANTH405,ANTH103
ANTH405,ANTH182
ANTH405,ANTH230
ANTH408,ANTH443
ANTH408,ANTH440
ANTH408,ANTH456
ANTH421,ANTH230
ANTH423,ANTH230
ANTH435,ANTH240
ANTH437,IB150
ANTH437,ANTH143
ANTH438,ANTH102
ANTH438,ANTH143
ANTH438,ANTH240
ANTH438,ANTH243
ANTH440,ANTH240
ANTH441,ANTH102
ANTH443,ANTH240
ANTH444,ANTH240
ANTH445,ANTH240
ANTH447,ANTH347
ANTH448,ANTH220
ANTH449,ANTH220
ANTH450,ANTH220
ANTH451,ANTH220
ANTH452,ANTH220
ANTH453,ANTH220
ANTH455,ANTH102
ANTH460,ANTH220
ANTH461,ANTH220
ANTH466,ANTH103
ANTH466,ANTH230
ANTH467,ANTH230
ANTH468,ANTH240
ANTH468,ANTH243
ANTH468,ANTH443
ANTH471,ANTH230
ANTH471,ANTH270
ANTH472,ANTH103
ANTH472,ANTH259
ANTH477,ANTH220
ANTH481,ANTH182
ANTH481,ANTH230
ANTH488,ANTH103
ANTH488,ANTH230
ANTH496,ANTH230
ANTH497,ANTH230
ANTH540,ANTH440
ANTH540,ANTH441
ANTH540,ANTH443
ANTH561,ANTH461
ARAB202,ARAB201
ARAB211,ARAB210
ARAB403,ARAB202
ARAB404,ARAB403
ARAB405,ARAB404
ARAB406,ARAB405
ARAB407,ARAB406
ARAB408,ARAB407
ARAB409,ARAB408
ARAB410,ARAB409
ARAB412,ARAB405
ARAB490,ARAB410
ARCH172,ARCH171
ARCH232,MATH220
ARCH232,MATH221
ARCH232,MATH231
ARCH232,PHYS101
ARCH273,ARCH172
ARCH274,ARCH273
ARCH371,ARCH274
ARCH372,ARCH371
ARCH402,ARCH210
ARCH403,ARCH210
ARCH409,ARCH210
ARCH410,ARCH210
ARCH410,ARTH111
ARCH410,CLCV131
ARCH411,ARCH210
ARCH411,ARTH111
ARCH411,CLCV131
ARCH411,CLCV132
ARCH412,ARCH210
ARCH412,ARTH111
ARCH414,ARCH210
ARCH414,ARTH112
ARCH415,ARCH210
ARCH415,ARTH112
ARCH416,ARCH210
ARCH416,ARTH112
ARCH417,ARCH210
ARCH417,ARTH112
ARCH418,ARCH210
ARCH433,ARCH232
ARCH435,ARCH231
ARCH435,ARCH232
ARCH435,ARCH433
ARCH471,ARCH231
ARCH473,ARCH372
ARCH474,ARCH473
ARCH511,ARCH410
ARCH511,ARCH411
ARCH512,ARCH411
ARCH512,ARCH412
ARCH513,ARCH414
ARCH516,ARCH415
ARCH516,ARCH416
ARCH516,ARCH417
ARCH518,ARCH419
ARCH519,ARCH419
ARCH522,ARCH321
ARCH522,ARCH521
ARCH525,ARCH321
ARCH525,ARCH521
ARCH536,ARCH232
ARCH536,ARCH433
ARCH537,ARCH434
ARCH538,ARCH536
ARCH538,ARCH537
ARCH550,ARCH433
ARCH552,ARCH551
ARCH553,ARCH550
ARCH553,ARCH551
ARCH553,ARCH560
ARCH554,ARCH560
ARCH555,ARCH553
ARCH556,ARCH553
ARCH556,ARCH554
ARCH557,ARCH551
ARCH557,ARCH536
ARCH560,ARCH551
ARCH574,ARCH536
ARCH575,ARCH536
ARCH575,ARCH537
ARCH577,ARCH517
ARCH598,LA505
ARCH598,ARCH563
ARCH598,LA563
ARTD202,ARTD201
ARTD228,ARTD202
ARTD301,ARTD202
ARTD302,ARTD301
ARTD318,ARTD218
ARTD333,ARTD222
ARTD371,ARTD333
ARTD401,ARTD302
ARTD402,ARTD401
ARTD418,ARTD318
ARTD444,ARTD333
ARTD452,ARTD222
ARTD452,ARTD318
ARTD471,ARTD371
ARTD502,ARTD501
ARTD503,ARTD502
ARTD504,ARTD503
ARTD505,ARTD504
ARTD506,ARTD505
ARTD511,ARTD510
ARTE301,ARTE202
ARTE303,ARTE304
ARTE304,ARTE202
ARTE400,ARTE301
ARTE400,ARTE303
ARTE400,ARTE304
ARTE401,EDPR438
ARTF105,ARTF103
ARTH361,ARTH242
ARTH361,ARTH361
ARTH550,ARTH350
ARTH550,ARTH351
ARTS250,ARTF102
ARTS250,ARTF104
ARTS250,ARTF106
ARTS265,ARTS264
ARTS266,ARTS265
ARTS267,ARTS264
ARTS310,ARTS210
ARTS351,ARTS252
ARTS352,ARTS251
ARTS354,ARTS251
ARTS355,ARTS245
ARTS364,ARTS265
ARTS365,ARTS264
ARTS381,ARTS280
ARTS400,ARTS200
ARTS405,ARTS205
ARTS410,ARTS210
ARTS443,ARTS243
ARTS444,ARTS244
ARTS455,ARTS354
ARTS465,ARTS355
ASRM210,MATH231
ASRM406,MATH241
ASRM406,ASRM210
ASRM406,FIN221
ASRM409,ASRM401
ASRM409,MATH461
ASRM410,ASRM402
ASRM441,ASRM401
ASRM441,STAT400
ASRM442,ASRM401
ASRM442,STAT400
ASRM442,ASRM441
ASRM442,ASRM450
ASRM454,ASRM441
ASRM454,ASRM450
ASRM455,ASRM401
ASRM455,STAT200
ASRM455,STAT361
ASRM461,ASRM401
ASRM461,STAT408
ASRM461,MATH461
ASRM461,STAT400
ASRM461,MATH463
ASRM461,ASRM402
ASRM462,ASRM401
ASRM462,STAT400
ASRM462,ASRM461
ASRM469,ASRM210
ASRM469,ASRM402
ASRM471,ASRM401
ASRM471,ASRM210
ASRM472,ASRM471
ASRM490,ASRM390
ASRM510,ASRM402
ASRM510,MATH464
ASRM533,ASRM401
ASRM533,MATH461
ASRM533,STAT400
ASRM555,ASRM455
ASRM561,ASRM401
ASRM561,MATH461
ASRM561,MATH463
ASRM569,ASRM401
ASRM575,ASRM471
ASTR210,PHYS211
ASTR310,PHYS211
ASTR310,MATH220
ASTR310,ASTR210
ASTR350,ASTR100
ASTR350,ASTR121
ASTR350,ASTR122
ASTR350,ASTR210
ASTR401,ASTR404
ASTR401,ASTR405
ASTR401,ASTR406
ASTR401,ASTR414
ASTR404,PHYS212
ASTR404,ASTR210
ASTR404,ASTR310
ASTR405,PHYS212
ASTR405,ASTR210
ASTR405,ASTR310
ASTR406,PHYS212
ASTR406,ASTR210
ASTR406,ASTR310
ASTR414,PHYS212
ASTR414,ASTR210
ASTR414,ASTR310
ASTR501,ASTR404
ASTR502,PHYS436
ASTR502,PHYS427
ASTR502,PHYS486
ASTR504,PHYS436
ASTR504,PHYS427
ASTR504,PHYS486
ASTR505,ASTR405
ASTR506,ASTR406
ASTR507,ASTR406
ATMS202,MATH220
ATMS202,MATH221
ATMS207,STAT107
ATMS301,ATMS201
ATMS301,MATH241
ATMS301,PHYS211
ATMS302,ATMS201
ATMS302,MATH241
ATMS302,PHYS211
ATMS303,MATH241
ATMS304,MATH241
ATMS304,PHYS212
ATMS305,MATH241
ATMS306,ATMS301
ATMS307,ATMS201
ATMS312,ATMS301
ATMS312,ATMS302
ATMS313,ATMS303
ATMS314,ATMS301
ATMS314,ATMS302
ATMS314,ATMS303
ATMS315,ATMS201
ATMS324,ATMS201
ATMS380,ATMS303
ATMS391,ATMS201
ATMS402,ATMS301
ATMS402,ATMS302
ATMS402,ATMS305
ATMS404,MATH241
ATMS405,ATMS301
ATMS405,ATMS302
ATMS405,ATMS304
ATMS405,MATH285
ATMS406,ATMS301
ATMS406,ATMS302
ATMS406,MATH285
ATMS407,ATMS301
ATMS407,ATMS302
ATMS407,ATMS305
ATMS410,MATH241
ATMS411,MATH285
ATMS411,PHYS212
ATMS413,ATMS313
ATMS420,CHEM102
ATMS420,PHYS211
ATMS420,MATH241
ATMS423,ATMS201
ATMS424,ATMS301
ATMS424,ATMS302
ATMS502,MATH285
ATMS514,ATMS500
ATMS514,MATH241
ATMS514,PHYS211
ATMS521,ATMS517
ATMS521,ATMS520
ATMS523,ATMS517
BADM211,BADM210
BADM211,CS105
BADM311,BADM310
BADM312,BADM310
BADM313,BADM310
BADM321,BADM320
BADM322,BADM320
BADM323,BADM320
BADM324,BADM320
BADM325,BADM320
BADM326,BADM320
BADM327,BADM320
BADM329,BADM320
BADM330,BADM320
BADM333,BADM332
BADM336,BADM335
BADM358,BADM352
BADM361,BADM210
BADM361,BADM211
BADM362,BADM211
BADM371,BADM353
BADM372,BADM350
BADM373,BADM211
BADM374,ECON203
BADM374,BADM210
BADM382,BADM320
BADM383,BADM380
BADM420,BADM320
BADM446,BADM346
BADM458,BADM350
BADM460,BADM367
BADM461,BADM366
BADM461,BADM367
BADM461,BADM460
BADM514,BADM508
BADM533,BADM532
BADM544,BADM509
BADM544,BADM520
BADM544,BADM567
BADM544,FIN520
BADM564,BADM567
BADM564,MBA502
BASQ402,BASQ401
BCOG458,PSYC224
BCOG458,PSYC248
BCOG458,PHIL270
BCS102,BCS101
BCS201,BCS102
BCS202,BCS201
BCS302,BCS301
BIOC446,CHEM440
BIOC455,CHEM232
BIOC455,CHEM236
BIOC455,MCB251
BIOC460,MCB354
BIOC460,BIOC455
BIOC492,MCB354
BIOC492,BIOC455
BIOE200,BIOE120
BIOE201,CHEM104
BIOE201,MCB150
BIOE201,PHYS211
BIOE202,BIOE206
BIOE205,MATH285
BIOE206,MCB150
BIOE210,CS101
BIOE210,CS124
BIOE210,MATH231
BIOE302,BIOE205
BIOE302,MCB252
BIOE302,BIOE206
BIOE303,BIOE302
BIOE306,BIOE202
BIOE310,BIOE210
BIOE310,MATH257
BIOE360,BIOE201
BIOE360,MATH285
BIOE400,BIOE302
BIOE400,BIOE303
BIOE400,BIOE414
BIOE400,BIOE415
BIOE404,CS374
BIOE404,BIOE310
BIOE404,BIOE206
BIOE404,BIOE302
BIOE414,BIOE205
BIOE414,ECE205
BIOE414,ECE210
BIOE415,BIOE414
BIOE420,BIOE302
BIOE420,BIOE303
BIOE420,BIOE414
BIOE420,BIOE415
BIOE424,BIOE205
BIOE430,BIOE206
BIOE430,MCB252
BIOE430,MATH285
BIOE432,MATH285
BIOE450,CS101
BIOE450,CS124
BIOE450,CHEM232
BIOE450,CHEM236
BIOE450,MCB150
BIOE450,MATH231
BIOE460,BIOE202
BIOE460,BIOE206
BIOE476,MCB150
BIOE476,BIOE206
BIOE479,BIOE206
BIOE479,CHEM232
BIOE483,BIOE205
BIOE483,BIOE210
BIOE483,ECE380
BIOE483,BIOE380
BIOE484,BIOE485
BIOE486,MATH241
BIOE486,BIOE210
BIOE486,MATH415
BIOE486,BIOE310
BIOE486,ECE310
BIOE486,STAT410
BIOE486,BIOE198
BIOE486,CS101
BIOE486,BIOE483
BIOE486,BIOE485
BIOE487,BIOE476
BIOE504,MATH285
BIOE505,STAT400
BIOE507,BIOE504
BIOE510,BIOE206
BIOE510,CS101
BIOE510,MATH285
BIOE572,BIOE571
BIOE580,BIOE485
BIOE586,BIOE486
BIOE586,BIOE485
BIOE586,BIOE483
BIOE586,BIOE580
BIOE589,BIOE588
BIOE589,BIOE484
BIOE589,BIOE486
BIOE589,BIOE580
BIOP401,MCB354
BIOP401,MCB450
BIOP581,BIOP582
BIOP582,BIOP581
BIOP583,BIOP581
BULG481,RUSS302
BULG482,BULG481
BUS201,BUS101
BUS301,BUS201
BUS302,BUS101
BUS401,BUS301
BUS402,BUS301
CATL402,CATL401
CB467,MCB354
CB467,MCB450
CB514,MCB450
CB551,IB150
CB551,MCB354
CB646,VM607
CDB595,MCB400
CEE201,MATH231
CEE201,CS101
CEE201,CS124
CEE201,MATH257
CEE202,CS101
CEE202,MATH241
CEE300,CHEM104
CEE300,TAM251
CEE310,TAM251
CEE310,CEE202
CEE320,CEE201
CEE320,CS101
CEE330,CHEM104
CEE330,CHEM204
CEE331,TAM211
CEE340,PHYS211
CEE340,PHYS213
CEE340,ME200
CEE340,CEE201
CEE340,IE310
CEE340,CEE202
CEE340,IE300
CEE340,STAT200
CEE350,CEE202
CEE350,CEE201
CEE360,TAM251
CEE380,TAM251
CEE401,CEE300
CEE405,CEE310
CEE406,CEE310
CEE408,CEE310
CEE409,CEE310
CEE410,CEE310
CEE411,CEE310
CEE415,CEE310
CEE416,CEE310
CEE418,CEE310
CEE419,CEE310
CEE420,CEE320
CEE421,CEE320
CEE422,CEE320
CEE433,CEE340
CEE433,CEE350
CEE434,CEE201
CEE434,CEE330
CEE435,CEE330
CEE437,CEE330
CEE437,CEE331
CEE438,CEE202
CEE438,IE300
CEE438,STAT400
CEE440,CEE330
CEE441,CEE331
CEE441,CEE202
CEE442,CEE437
CEE443,CEE330
CEE444,CEE443
CEE444,CHEM360
CEE449,CEE330
CEE450,CEE350
CEE451,CEE331
CEE451,TAM335
CEE452,CEE331
CEE452,TAM335
CEE453,CEE350
CEE457,CEE350
CEE457,CEE331
CEE457,TAM335
CEE458,CEE350
CEE460,CEE360
CEE461,CEE360
CEE462,CEE460
CEE463,CEE461
CEE465,CEE460
CEE467,CEE461
CEE468,CEE461
CEE469,CEE460
CEE469,CEE461
CEE470,CEE360
CEE471,MATH285
CEE471,TAM251
CEE472,CEE360
CEE472,MATH285
CEE472,TAM212
CEE473,CEE202
CEE473,STAT400
CEE473,TAM335
CEE473,CEE360
CEE474,MSE280
CEE474,CEE300
CEE474,ME330
CEE474,CEE471
CEE483,CEE380
CEE484,CEE483
CEE490,CEE360
CEE490,TAM335
CEE491,CEE202
CEE492,CS101
CEE492,CEE202
CEE492,CEE300
CEE492,CEE330
CEE492,CEE360
CEE493,CEE340
CEE502,CEE401
CEE503,CEE401
CEE503,CEE405
CEE504,CEE401
CEE504,CEE405
CEE505,CEE483
CEE506,CEE406
CEE508,CEE406
CEE509,CEE483
CEE511,CEE408
CEE511,CEE409
CEE511,CEE411
CEE512,CEE310
CEE512,IE310
CEE515,CEE416
CEE517,CEE416
CEE521,CEE420
CEE521,CEE421
CEE521,CEE422
CEE522,CEE420
CEE522,CEE421
CEE522,CEE422
CEE524,CEE420
CEE524,CEE421
CEE524,CEE422
CEE525,CEE420
CEE525,CEE421
CEE525,CEE422
CEE526,CEE420
CEE526,CEE421
CEE526,CEE422
CEE528,CEE420
CEE528,CEE421
CEE528,CEE422
CEE534,MATH285
CEE534,CEE442
CEE534,CEE451
CEE535,CEE202
CEE535,CEE434
CEE537,CEE442
CEE538,CEE442
CEE538,CEE443
CEE538,CEE444
CEE540,CEE440
CEE543,CEE443
CEE543,NRES490
CEE544,CEE442
CEE545,CEE441
CEE550,CEE450
CEE551,CEE451
CEE552,CEE350
CEE552,CEE434
CEE553,TAM335
CEE554,CEE450
CEE555,MATH285
CEE555,TAM335
CEE556,CEE450
CEE557,CEE457
CEE557,MATH285
CEE558,CEE451
CEE559,CEE551
CEE560,CEE462
CEE562,CEE460
CEE562,CEE461
CEE562,CEE472
CEE570,CEE471
CEE570,TAM551
CEE571,CEE471
CEE571,TAM551
CEE572,CEE472
CEE573,CEE472
CEE574,CEE202
CEE574,CEE472
CEE575,CEE471
CEE575,TAM451
CEE575,TAM551
CEE576,CEE471
CEE576,TAM445
CEE576,CEE470
CEE576,ME471
CEE577,CEE471
CEE577,TAM551
CEE577,CEE570
CEE577,ME471
CEE578,CEE470
CEE580,CEE484
CEE581,CEE483
CEE582,CEE483
CEE583,CEE483
CEE585,CEE484
CEE586,CEE483
CEE586,TAM451
CEE587,CEE586
CEE588,CEE472
CEE588,CEE483
CEE589,CEE483
CEE590,CEE483
CEE590,CEE484
CEE591,CEE491
CEE592,ATMS421
CEE592,CEE491
CEE592,NRES439
CEE592,UP456
CEE592,UP480
CEE592,NRES454
CEE592,UP418
CEE593,CEE483
CHBE121,CHEM102
CHBE121,CHEM202
CHBE221,CHEM104
CHBE221,CHEM204
CHBE221,CS101
CHBE321,CHBE221
CHBE321,MATH241
CHBE411,MATH231
CHBE413,MATH225
CHBE413,MATH227
CHBE413,MATH257
CHBE413,MATH415
CHBE415,CHBE411
CHBE415,IE300
CHBE415,STAT400
CHBE421,CHBE221
CHBE421,MATH241
CHBE422,CHBE321
CHBE422,CHBE421
CHBE424,CHBE422
CHBE430,CHBE422
CHBE430,CHBE424
CHBE431,CHBE422
CHBE431,CHBE424
CHBE440,CHBE421
CHBE440,MATH284
CHBE440,MATH285
CHBE440,CS101
CHBE451,CHBE421
CHBE451,MATH285
CHBE452,CHEM442
CHBE452,CHBE321
CHBE456,CHBE321
CHBE456,CHBE421
CHBE456,CHEM444
CHBE458,CHEM102
CHBE458,CHEM104
CHBE458,CHEM202
CHBE458,CHEM204
CHBE461,CHBE321
CHBE461,MATH285
CHBE461,MATH257
CHBE461,MATH415
CHBE472,CHEM202
CHBE472,CHEM203
CHBE472,CHEM204
CHBE472,MATH220
CHBE472,MATH221
CHBE472,PHYS211
CHBE472,PHYS214
CHBE472,MCB450
CHBE474,MATH225
CHBE474,MATH285
CHBE481,CHBE321
CHBE481,CHBE421
CHBE481,CHBE422
CHBE513,CHBE521
CHBE513,CHBE421
CHBE516,CHBE424
CHBE516,CHBE321
CHBE516,CHBE421
CHBE516,CHBE440
CHBE516,MATH284
CHBE516,MATH285
CHBE525,CHBE321
CHBE553,CHEM444
CHBE565,CHBE422
CHBE571,MATH225
CHBE571,MATH241
CHBE571,MATH461
CHBE572,MATH225
CHBE572,MATH241
CHBE580,MCB150
CHBE580,MCB151
CHEM102,MATH112
CHEM103,CHEM102
CHEM105,CHEM102
CHEM105,CHEM103
CHEM108,MATH112
CHEM150,CHEM101
CHEM202,MATH220
CHEM202,CHEM203
CHEM203,CHEM202
CHEM204,CHEM205
CHEM205,CHEM204
CHEM222,CHEM104
CHEM222,CHEM105
CHEM223,CHEM222
CHEM232,CHEM104
CHEM232,CHEM105
CHEM232,CHEM204
CHEM233,CHEM232
CHEM236,CHEM104
CHEM236,CHEM204
CHEM236,CHEM222
CHEM237,CHEM236
CHEM312,CHEM232
CHEM312,CHEM236
CHEM315,CHEM237
CHEM315,CHEM223
CHEM315,CHEM233
CHEM317,CHEM312
CHEM332,CHEM232
CHEM332,CHEM233
CHEM360,CHEM102
CHEM360,CHEM202
CHEM360,CHEM232
CHEM360,CHEM236
CHEM420,CHEM440
CHEM420,CHEM442
CHEM436,CHEM236
CHEM436,CHEM237
CHEM436,CHEM232
CHEM436,CHEM233
CHEM437,CHEM332
CHEM440,CHEM104
CHEM440,CHEM204
CHEM440,PHYS102
CHEM440,MATH241
CHEM442,CHEM204
CHEM442,CHEM222
CHEM442,MATH225
CHEM442,PHYS211
CHEM442,PHYS212
CHEM442,PHYS214
CHEM444,CHEM204
CHEM444,CHEM222
CHEM444,MATH225
CHEM444,MATH257
CHEM444,MATH415
CHEM444,PHYS211
CHEM444,PHYS212
CHEM444,PHYS214
CHEM445,CHEM440
CHEM447,CHEM440
CHEM460,CHEM312
CHEM460,CHEM332
CHEM460,CHEM360
CHEM483,CHEM442
CHEM495,CI403
CHEM512,CHEM312
CHEM516,CHEM444
CHEM518,CHEM516
CHEM520,CHEM315
CHEM520,CHEM420
CHEM520,CHEM444
CHEM530,CHEM332
CHEM530,CHEM436
CHEM532,CHEM332
CHEM532,CHEM436
CHEM534,CHEM332
CHEM534,CHEM436
CHEM540,CHEM442
CHEM542,CHEM540
CHEM544,CHEM442
CHEM544,CHEM444
CHEM546,CHEM540
CHEM546,CHEM544
CHEM548,CHEM540
CHEM550,CHEM540
CHEM572,CHEM232
CHEM572,CHEM236
CHEM572,CHEM332
CHEM572,CHEM436
CHIN202,CHIN201
CHIN203,CHIN202
CHIN204,CHIN203
CHIN242,CHIN241
CHIN305,CHIN204
CHIN305,CHIN242
CHIN306,CHIN305
CHIN407,CHIN202
CHIN408,CHIN407
CHIN440,CHIN306
CHIN441,CHIN440
CI402,CI401
CI402,CI405
CI402,CI410
CI403,CI401
CI404,CI402
CI404,CI403
CI406,CI405
CI407,CI406
CI420,EPSY236
CI420,EPOL201
CI421,CI420
CI430,MATH103
CI431,MATH103
CI432,CI430
CI432,CI431
CI439,CI210
CI441,CI443
CI442,CI420
CI442,MATH103
CI445,CI421
CI451,CI450
CI454,EDPR432
CI456,CI455
CI466,CI465
CI472,EPSY201
CI475,CI467
CI476,CI467
CI476,CI475
CI476,CI471
CI477,CI433
CI480,CI438
CI483,CI480
CI486,CI480
CI487,CI480
CI488,CI486
CI488,CI487
CI491,MATH115
CI504,CI503
CI506,CI503
CI506,CI504
CI517,CI433
CI517,CI477
CI518,EPSY480
CI538,CI509
CI538,CI519
CI538,EPSY577
CI538,EPSY578
CI561,CI475
CI561,CI476
CI567,CI467
CI570,CI475
CI570,CI476
CI573,CI475
CI573,CI471
CI575,CI475
CI575,CI471
CI576,CI575
CI577,CI575
CI577,CI576
CI582,CI475
CI582,CI476
CI585,CI467
CI585,CI475
CI585,CI476
CLCV206,CLCV111
CLCV206,CLCV115
CLE614,CLE613
CLE688,CLE786
CLE733,CLE732
CLE737,CLE660
CLE744,CLE670
CLE745,CLE670
CLE798,CLE613
CMN112,CMN111
CMN211,CMN101
CMN215,CMN101
CMN215,CMN111
CMN215,CMN112
CMN323,CMN101
CMN411,CMN212
CMN412,CMN212
CMN435,CMN230
CMN503,CMN502
CPSC352,IB103
CPSC352,IB104
CPSC407,CPSC212
CPSC408,CPSC212
CPSC412,CPSC112
CPSC412,NRES201
CPSC413,CPSC112
CPSC413,CPSC113
CPSC415,CPSC112
CPSC416,HORT100
CPSC416,IB103
CPSC418,IB103
CPSC418,CPSC112
CPSC426,CPSC212
CPSC428,CPSC212
CPSC428,CPSC426
CPSC431,CPSC112
CPSC431,IB103
CPSC437,IB100
CPSC437,IB103
CPSC440,MATH112
CPSC444,CPSC440
CPSC452,CPSC352
CPSC452,IB204
CPSC453,IB103
CPSC453,CPSC352
CPSC454,CPSC453
CPSC466,CPSC352
CPSC473,CPSC270
CPSC486,IB103
CPSC486,CPSC352
CPSC486,IB204
CPSC518,CPSC418
CPSC518,CPSC484
CPSC526,CPSC426
CPSC526,CPSC484
CPSC527,CPSC212
CPSC540,CPSC440
CPSC541,CPSC440
CPSC554,CPSC352
CPSC554,CPSC440
CPSC563,CPSC352
CPSC566,CPSC352
CPSC566,MCB450
CPSC588,CPSC484
CPSC588,MCB450
CS101,MATH220
CS101,MATH221
CS101,MATH231
CS101,MATH241
CS105,MATH112
CS124,MATH112
CS125,MATH112
CS126,CS125
CS128,CS124
CS128,CS125
CS173,CS124
CS173,CS125
CS173,ECE220
CS173,MATH220
CS173,MATH221
CS210,CS225
CS211,CS225
CS222,CS128
CS222,CS225
CS225,CS126
CS225,CS128
CS225,ECE220
CS225,CS173
CS225,CS413
CS225,MATH213
CS225,MATH347
CS225,MATH412
CS225,MATH413
CS233,CS125
CS233,CS128
CS233,CS173
CS233,MATH213
CS233,CS225
CS277,STAT207
CS277,MATH220
CS277,MATH221
CS277,MATH234
CS307,STAT207
CS307,MATH225
CS307,MATH227
CS307,MATH257
CS307,MATH415
CS307,MATH416
CS307,ASRM406
CS340,CS128
CS340,CS225
CS341,CS225
CS341,CS233
CS357,CS101
CS357,CS105
CS357,CS124
CS357,CS125
CS357,ECE220
CS357,MATH241
CS357,MATH225
CS357,MATH257
CS357,MATH415
CS357,MATH416
CS357,ASRM406
CS357,BIOE210
CS361,MATH220
CS361,MATH221
CS361,MATH225
CS374,CS173
CS374,MATH213
CS374,CS225
CS402,CS400
CS403,CS401
CS409,CS225
CS410,CS225
CS411,CS225
CS412,CS225
CS414,CS340
CS414,CS341
CS414,ECE391
CS415,CS225
CS416,CS225
CS417,CS225
CS418,CS225
CS418,MATH225
CS418,MATH257
CS418,MATH415
CS418,MATH416
CS418,ASRM406
CS418,BIOE210
CS418,MATH241
CS419,CS418
CS419,CSE427
CS420,CS225
CS421,CS233
CS421,CS340
CS421,ECE391
CS421,CS374
CS421,ECE374
CS421,MATH225
CS421,MATH257
CS421,MATH415
CS421,MATH416
CS421,ASRM406
CS421,BIOE210
CS422,CS421
CS423,CS341
CS423,ECE391
CS424,CS341
CS424,ECE391
CS426,CS421
CS427,CS222
CS427,CS340
CS427,CS341
CS427,ECE391
CS428,CS427
CS428,CSE426
CS429,CS427
CS429,CSE426
CS431,CS341
CS431,ECE391
CS433,CS233
CS435,CS340
CS435,CS341
CS435,ECE391
CS436,CS340
CS436,CS341
CS436,ECE391
CS437,CS341
CS438,CS341
CS438,ECE391
CS438,CS361
CS438,STAT361
CS438,ECE313
CS438,MATH362
CS438,MATH461
CS438,MATH463
CS438,STAT400
CS440,CS225
CS440,CS361
CS440,STAT361
CS440,ECE313
CS440,MATH362
CS440,MATH461
CS440,MATH463
CS440,STAT400
CS440,BIOE310
CS441,CS225
CS441,CS361
CS442,CS225
CS442,CS440
CS442,ECE448
CS442,CS441
CS442,CS446
CS442,ECE449
CS442,MATH225
CS442,MATH257
CS442,MATH415
CS442,MATH416
CS442,ASRM406
CS442,BIOE210
CS443,CS225
CS443,MATH241
CS443,MATH225
CS443,MATH257
CS443,MATH415
CS443,MATH416
CS443,ASRM406
CS443,BIOE210
CS443,CS361
CS443,STAT361
CS443,ECE313
CS443,MATH362
CS443,MATH461
CS443,MATH463
CS443,STAT400
CS444,MATH241
CS444,MATH225
CS444,MATH257
CS444,MATH415
CS444,MATH416
CS444,ASRM406
CS444,BIOE210
CS444,CS225
CS444,CS361
CS444,STAT361
CS444,ECE313
CS444,MATH362
CS444,MATH461
CS444,MATH463
CS444,STAT400
CS445,CS225
CS445,MATH225
CS445,MATH231
CS446,CS225
CS446,MATH225
CS446,MATH257
CS446,MATH415
CS446,MATH416
CS446,ASRM406
CS446,BIOE210
CS446,CS361
CS446,STAT361
CS446,ECE313
CS446,MATH362
CS446,MATH461
CS446,MATH463
CS446,STAT400
CS446,BIOE310
CS447,CS173
CS447,MATH213
CS447,CS225
CS447,CS374
CS447,ECE374
CS447,CS361
CS447,STAT361
CS447,ECE313
CS447,MATH362
CS447,MATH461
CS447,MATH463
CS447,STAT400
CS447,BIOE310
CS447,MATH225
CS447,MATH257
CS447,MATH415
CS447,MATH416
CS447,ASRM406
CS447,BIOE210
CS448,CS340
CS448,CS341
CS448,ECE391
CS448,MATH225
CS448,MATH257
CS448,MATH415
CS448,MATH416
CS448,ASRM406
CS448,BIOE210
CS450,CS101
CS450,CS124
CS450,CS125
CS450,CS357
CS450,MATH257
CS450,MATH357
CS450,MATH415
CS450,MATH416
CS450,MATH285
CS460,CS461
CS460,ECE422
CS461,CS341
CS461,ECE391
CS461,CS233
CS461,CS340
CS463,CS461
CS464,CS225
CS465,CS225
CS466,CS225
CS467,CS225
CS469,CS173
CS469,CS225
CS469,MATH225
CS469,MATH257
CS469,MATH415
CS469,MATH416
CS469,ASRM406
CS469,BIOE210
CS469,CS361
CS469,STAT361
CS469,ECE313
CS469,MATH362
CS469,MATH461
CS469,MATH463
CS469,STAT400
CS470,CS225
CS470,CS173
CS470,CS361
CS470,STAT361
CS470,ECE313
CS470,MATH362
CS470,MATH461
CS470,MATH463
CS470,STAT400
CS470,MATH225
CS470,MATH257
CS470,MATH415
CS470,MATH416
CS470,ASRM406
CS470,BIOE210
CS473,CS374
CS473,ECE374
CS473,CS361
CS473,STAT361
CS473,ECE313
CS473,MATH362
CS473,MATH461
CS473,MATH463
CS473,STAT400
CS474,CS173
CS474,CS225
CS474,CS374
CS474,ECE374
CS475,CS374
CS475,ECE374
CS476,CS225
CS476,CS374
CS476,ECE374
CS476,MATH414
CS477,CS225
CS477,CS374
CS477,ECE374
CS477,MATH414
CS484,CS341
CS493,CS492
CS494,CS492
CS510,CS410
CS510,CS412
CS510,CS446
CS510,ECE449
CS510,LING406
CS511,CS411
CS512,CS412
CS514,CS412
CS514,CS446
CS514,ECE449
CS519,CS418
CS519,CSE427
CS521,CS374
CS521,ECE374
CS521,CS421
CS522,CS422
CS522,CS426
CS523,CS423
CS523,CSE423
CS523,CS425
CS523,ECE428
CS523,CS433
CS523,CSE422
CS524,CS422
CS524,CS475
CS524,MATH475
CS524,CS476
CS525,CS423
CS525,CSE423
CS525,CS425
CS525,ECE428
CS525,CS438
CS525,ECE438
CS526,CS426
CS527,CS428
CS527,CSE429
CS527,CS429
CS533,CS433
CS533,CSE422
CS534,CS433
CS534,CSE422
CS537,CS425
CS537,ECE428
CS537,CS438
CS537,ECE438
CS538,CS438
CS538,ECE438
CS544,CS450
CS544,CSE401
CS544,ECE491
CS544,MATH450
CS544,CS473
CS544,CSE414
CS544,MATH473
CS545,MATH415
CS545,CS361
CS545,STAT361
CS545,MATH461
CS545,MATH463
CS545,STAT400
CS546,CS447
CS546,CS446
CS546,ECE449
CS554,CS450
CS554,CSE401
CS554,ECE491
CS554,MATH450
CS554,CS555
CS554,CSE510
CS554,MATH552
CS555,CS450
CS555,CSE401
CS555,ECE491
CS555,MATH450
CS562,CS446
CS562,ECE449
CS562,CS463
CS562,ECE424
CS563,CS461
CS563,CS463
CS563,ECE422
CS563,ECE424
CS565,CS465
CS567,CS465
CS568,CS465
CS574,CS473
CS574,CSE414
CS574,MATH473
CS574,MATH461
CS574,MATH463
CS574,STAT400
CS579,CS473
CS579,CSE414
CS579,MATH473
CS579,CS475
CS579,MATH475
CS580,CS473
CS581,CS374
CS581,ECE374
CS581,CS361
CS581,STAT361
CS582,CS446
CS582,ECE449
CS582,CS466
CS588,CS374
CS588,ECE374
CS588,ECE484
CW200,CW104
CW200,CW106
CW204,CW104
CW206,CW106
CW404,CW204
CW406,CW206
CW455,CW208
CW455,CW404
CW455,CW406
CW460,CW104
CW460,CW106
CZCH102,CZCH101
CZCH201,CZCH102
CZCH202,CZCH201
CZCH484,CZCH202
DANC232,DANC160
DANC259,DANC262
DANC260,DANC160
DANC262,DANC259
DANC302,DANC301
DANC303,DANC301
DANC303,DANC302
DANC331,DANC131
DANC331,DANC231
DANC360,DANC260
DANC362,DANC259
DANC362,DANC262
DANC424,DANC162
DANC424,DANC259
DANC431,DANC131
DANC431,DANC231
DANC441,DANC240
DANC460,DANC360
DANC464,MUS106
DANC470,DANC260
DANC496,DANC375
DANC497,DANC496
DANC498,DANC375
DANC499,DANC362
DANC542,DANC541
DTX252,DTX455
DTX455,DTX210
EALC488,REL287
ECE205,PHYS212
ECE206,ECE205
ECE210,ECE110
ECE210,PHYS212
ECE210,MATH285
ECE211,ECE110
ECE211,PHYS212
ECE211,MATH285
ECE217,ECE110
ECE220,ECE120
ECE304,PHYS214
ECE307,ECE210
ECE307,ECE313
ECE310,ECE210
ECE311,ECE310
ECE313,MATH257
ECE313,MATH416
ECE314,ECE313
ECE316,RHET105
ECE317,MATH220
ECE317,MATH221
ECE317,MATH234
ECE329,ECE210
ECE330,ECE210
ECE333,ECE205
ECE333,ECE210
ECE340,ECE205
ECE340,ECE210
ECE340,PHYS214
ECE342,ECE210
ECE343,ECE342
ECE350,ECE329
ECE364,MATH257
ECE365,ECE313
ECE380,MATH285
ECE385,ECE110
ECE385,ECE220
ECE391,ECE220
ECE391,CS233
ECE395,ECE385
ECE401,MATH220
ECE402,ECE310
ECE403,ECE210
ECE403,ECE310
ECE407,CS225
ECE408,ECE220
ECE410,MATH285
ECE411,ECE385
ECE411,ECE391
ECE411,CS341
ECE416,ECE329
ECE417,ECE310
ECE417,ECE401
ECE417,ECE313
ECE417,CS361
ECE417,STAT400
ECE418,ECE310
ECE418,ECE313
ECE418,MATH415
ECE420,ECE310
ECE421,ECE210
ECE421,BIOE205
ECE421,NE330
ECE425,ECE385
ECE425,CS233
ECE431,ECE330
ECE434,ECE391
ECE434,CS341
ECE434,ECE310
ECE437,ECE329
ECE439,ECE391
ECE439,CS341
ECE439,MATH461
ECE439,MATH463
ECE439,ECE313
ECE441,ECE340
ECE442,ECE350
ECE443,ECE340
ECE444,ECE340
ECE445,ECE385
ECE446,ECE313
ECE447,ECE350
ECE447,ECE453
ECE451,ECE350
ECE452,ECE350
ECE453,ECE342
ECE454,ECE350
ECE455,ECE350
ECE455,PHYS436
ECE456,ECE329
ECE456,ECE310
ECE456,AE352
ECE456,AE353
ECE457,ECE340
ECE457,ECE350
ECE458,ECE350
ECE459,ECE313
ECE460,ECE329
ECE460,ECE313
ECE461,ECE210
ECE461,ECE313
ECE462,ECE220
ECE462,CS233
ECE463,ECE459
ECE464,ECE342
ECE465,ECE313
ECE465,ECE350
ECE466,ECE465
ECE467,ECE455
ECE467,ECE460
ECE467,PHYS402
ECE468,ECE329
ECE468,ECE313
ECE469,ECE343
ECE469,ECE464
ECE470,MATH225
ECE470,MATH257
ECE470,MATH418
ECE472,ECE329
ECE473,MATH285
ECE476,ECE330
ECE479,ECE220
ECE479,CS225
ECE480,ECE310
ECE481,CHEM442
ECE481,MSE401
ECE481,PHYS460
ECE482,ECE342
ECE483,ECE342
ECE484,CS124
ECE484,ECE220
ECE484,ECE313
ECE484,IE300
ECE484,STAT400
ECE486,ECE210
ECE487,PHYS485
ECE488,ECE340
ECE488,ECE350
ECE490,ECE220
ECE490,MATH257
ECE495,ECE487
ECE496,RHET105
ECE499,ECE496
ECE508,ECE408
ECE508,CS420
ECE511,ECE411
ECE511,CS433
ECE512,ECE511
ECE512,CS426
ECE513,ECE310
ECE513,ECE313
ECE513,MATH415
ECE514,ECE416
ECE515,ECE486
ECE517,ECE515
ECE522,ECE391
ECE522,ECE411
ECE522,CS433
ECE526,CS473
ECE526,ECE428
ECE526,ECE438
ECE527,ECE391
ECE527,ECE425
ECE528,ECE515
ECE528,MATH444
ECE528,MATH447
ECE529,ECE350
ECE529,ECE460
ECE529,PHYS402
ECE530,ECE464
ECE530,ECE476
ECE531,ECE520
ECE532,ECE340
ECE532,PHYS486
ECE534,ECE313
ECE534,MATH461
ECE534,STAT400
ECE536,ECE455
ECE536,ECE487
ECE536,PHYS486
ECE537,ECE310
ECE538,ECE340
ECE539,ECE535
ECE540,CS357
ECE540,ECE520
ECE541,ECE313
ECE541,MATH461
ECE541,MATH463
ECE542,ECE411
ECE543,ECE534
ECE545,ECE473
ECE545,ECE520
ECE545,TAM518
ECE546,ECE520
ECE547,ECE310
ECE547,ECE313
ECE549,ECE448
ECE549,CS225
ECE551,ECE310
ECE551,ECE313
ECE552,MATH415
ECE552,ECE210
ECE553,ECE313
ECE553,ECE515
ECE554,ECE313
ECE554,ECE515
ECE555,ECE515
ECE555,ECE534
ECE556,MATH417
ECE557,ECE515
ECE558,ECE310
ECE558,ECE313
ECE560,ECE310
ECE561,ECE534
ECE562,ECE461
ECE562,ECE459
ECE563,ECE534
ECE563,MATH464
ECE563,MATH564
ECE564,ECE460
ECE564,MSE405
ECE564,PHYS402
ECE566,ECE490
ECE566,ECE534
ECE567,CS438
ECE567,ECE534
ECE567,MATH464
ECE567,MATH564
ECE568,ECE431
ECE568,ECE515
ECE569,ECE460
ECE570,ECE520
ECE571,MATH446
ECE571,ECE520
ECE571,PHYS505
ECE572,PHYS485
ECE573,ECE476
ECE573,ECE530
ECE574,ECE455
ECE574,ECE572
ECE574,ECE487
ECE574,PHYS486
ECE576,ECE476
ECE576,ECE530
ECE577,ECE520
ECE580,MATH415
ECE580,MATH482
ECE580,MATH447
ECE581,ECE310
ECE581,ECE483
ECE582,ECE425
ECE582,ECE482
ECE584,MATH257
ECE585,ECE441
ECE588,MATH415
ECE588,ECE313
ECE588,ECE476
ECE594,ECE537
ECON202,MATH220
ECON203,ECON202
ECON203,MATH220
ECON203,MATH221
ECON203,MATH234
ECON302,ECON102
ECON303,ECON102
ECON303,ECON103
ECON303,MATH220
ECON303,MATH221
ECON303,MATH234
ECON399,ECON302
ECON399,ECON202
ECON402,ECON202
ECON402,ECON302
ECON402,MATH220
ECON411,ECON302
ECON413,ECON202
ECON413,ECON302
ECON413,MATH220
ECON413,MATH221
ECON414,ECON302
ECON415,ECON202
ECON415,ECON302
ECON415,MATH220
ECON415,MATH221
ECON418,ECON202
ECON418,ECON302
ECON418,MATH220
ECON418,MATH221
ECON420,ECON302
ECON420,ECON303
ECON422,ECON202
ECON422,ECON303
ECON422,MATH220
ECON422,MATH221
ECON425,ECON203
ECON425,ECON302
ECON425,ECON303
ECON425,MATH220
ECON425,MATH221
ECON426,ECON202
ECON426,ECON303
ECON426,MATH231
ECON436,ECON302
ECON436,MATH220
ECON436,MATH221
ECON437,ECON202
ECON437,ECON302
ECON437,MATH220
ECON437,MATH221
ECON440,ECON302
ECON442,ECON203
ECON442,ECON302
ECON442,MATH220
ECON447,ECON202
ECON447,ECON302
ECON447,MATH220
ECON447,MATH221
ECON448,ECON202
ECON448,ECON302
ECON448,MATH220
ECON448,MATH221
ECON450,ECON102
ECON450,ECON103
ECON451,ECON203
ECON451,ECON302
ECON452,ECON202
ECON452,ECON302
ECON452,MATH220
ECON452,MATH221
ECON453,ECON202
ECON453,ECON302
ECON453,MATH220
ECON453,MATH221
ECON455,ECON202
ECON455,ECON302
ECON455,MATH220
ECON455,MATH221
ECON456,ECON202
ECON456,ECON302
ECON456,MATH220
ECON460,ECON202
ECON460,ECON302
ECON460,MATH220
ECON460,MATH221
ECON469,ECON302
ECON469,MATH220
ECON469,MATH221
ECON471,ECON203
ECON471,ECON302
ECON471,ECON303
ECON472,ECON203
ECON472,ECON302
ECON472,MATH220
ECON472,MATH221
ECON474,ECON203
ECON474,ECON302
ECON474,MATH220
ECON474,MATH221
ECON475,ECON203
ECON475,ECON302
ECON475,MATH220
ECON475,MATH221
ECON480,ECON302
ECON481,ECON302
ECON482,ECON302
ECON482,MATH220
ECON482,MATH221
ECON483,ECON102
ECON483,ECON302
ECON484,ECON302
ECON490,ECON202
ECON490,ECON302
ECON490,ECON303
ECON490,MATH220
ECON490,MATH221
ECON491,ECON203
ECON491,ECON302
ECON491,MATH220
ECON500,ECON102
ECON501,ECON102
ECON501,ECON103
ECON503,ECON502
ECON504,ECON503
ECON504,STAT578
ECON505,MATH415
ECON505,ECON500
ECON505,ECON501
ECON510,ECON302
ECON511,ECON302
ECON513,ECON302
ECON513,ECON303
ECON514,ECON302
ECON514,ECON303
ECON519,ECON500
ECON519,ECON501
ECON530,ECON302
ECON530,ECON303
ECON531,ECON302
ECON531,ECON303
ECON533,ECON530
ECON534,ECON531
ECON535,ECON532
ECON536,ECON532
ECON536,ECON535
ECON540,ECON302
ECON540,ECON303
ECON541,ECON302
ECON541,ECON303
ECON547,ECON530
ECON547,ECON533
ECON549,ECON302
ECON550,ECON533
ECON550,ECON534
ECON551,ECON535
ECON555,ECON533
ECON555,ECON534
ECON556,MATH415
ECON556,ECON533
ECON556,ECON534
ECON557,MATH415
ECON557,ECON533
ECON557,ECON534
ECON562,ECON533
ECON562,ECON534
ECON572,ECON530
ECON574,MATH415
ECON574,STAT400
ECON575,ECON574
ECON576,ECON535
ECON576,STAT578
ECON577,ECON574
ECON581,ECON530
ECON581,ECON580
ECON585,ECON533
ECON585,ECON534
EDPR432,CI420
EDPR432,CI406
EIL413,EIL411
EIL465,EIL422
EIL465,EIL445
EIL465,EIL456
EIL465,EIL460
EIL465,LING301
EIL465,LING302
EIL465,LING307
EIL511,EIL411
EIL512,EIL411
ENG411,ENG110
ENG471,MATH220
ENG471,MATH221
ENG471,CHEM104
ENG471,CHEM204
ENG471,PHYS101
ENG471,PHYS211
ENG571,ENG471
ENGL209,ENGL200
ENGL255,ENGL200
ENGL256,ENGL200
ENVS492,ENVS301
EPOL395,EPOL201
EPSY236,PSYC100
EPSY280,MATH112
EPSY400,EPSY201
EPSY401,EPSY201
EPSY401,EPSY236
EPSY402,EPSY201
EPSY402,EPSY236
EPSY403,EPSY280
EPSY403,EPSY480
EPSY403,PSYC235
EPSY403,PSYC301
EPSY407,EPSY201
EPSY409,CI455
EPSY420,PSYC238
EPSY456,PSYC100
EPSY456,PSYC103
EPSY471,EPSY480
EPSY486,EPSY201
EPSY486,EPSY236
EPSY492,EPSY420
EPSY521,EPSY510
EPSY549,EPSY480
EPSY570,EPSY470
EPSY570,EPSY471
EPSY574,EPSY580
EPSY575,EPSY574
EPSY575,EPSY580
EPSY575,EPSY577
EPSY575,EPSY578
EPSY579,EPSY580
EPSY579,EPSY581
EPSY580,EPSY480
EPSY581,EPSY580
EPSY582,EPSY580
EPSY585,EPSY581
EPSY585,EPSY582
EPSY585,PSYC506
EPSY585,PSYC507
EPSY586,EPSY585
EPSY586,PSYC490
EPSY587,EPSY581
EPSY587,EPSY582
EPSY589,EPSY581
EPSY589,PSYC507
ERAM560,EPSY580
ERAM566,ERAM565
ERAM582,ERAM581
ERAM583,ERAM581
ERAM583,ERAM582
ESL112,ESL111
ESL512,ESL511
ESL522,ESL521
ESL592,ESL515
ETMA-339,MATH234
ETMA-339,ACE262
ETMA-339,ECON202
ETMA-339,CPSC241
ETMA-339,STAT107
ETMA-339,CS105
EURO599,EURO501
EURO599,EURO502
FAA330,ARCH171
FAA430,FAA230
FAA430,FAA330
FAA431,FAA430
FIN221,ECON102
FIN221,ECON103
FIN241,ECON102
FIN300,FIN221
FIN321,FIN300
FIN411,FIN300
FIN412,FIN300
FIN413,FIN300
FIN415,FIN321
FIN416,FIN300
FIN416,FIN412
FIN418,FIN300
FIN418,FIN321
FIN419,FIN321
FIN422,FIN300
FIN422,FIN321
FIN423,FIN300
FIN424,FIN321
FIN425,FIN321
FIN428,FIN300
FIN431,FIN230
FIN432,FIN300
FIN433,FIN221
FIN433,FIN431
FIN433,FIN434
FIN434,FIN300
FIN435,FIN300
FIN444,FIN300
FIN444,FIN241
FIN445,FIN300
FIN445,FIN241
FIN446,FIN300
FIN446,FIN241
FIN447,FIN221
FIN447,FIN241
FIN461,FIN300
FIN463,FIN300
FIN463,FIN391
FIN464,ACCY201
FIN490,FIN300
FIN503,FIN580
FIN511,FIN520
FIN511,MBA505
FIN513,FIN520
FIN513,MBA505
FIN514,FIN513
FIN515,FIN520
FIN515,MBA505
FIN516,FIN512
FIN516,IE525
FIN516,FIN514
FIN516,FIN513
FIN517,FIN516
FIN521,MBA505
FIN522,MBA505
FIN529,ACCY501
FIN536,FIN520
FIN537,FIN500
FIN537,IE522
FIN537,FIN502
FIN541,FIN520
FIN541,ECON302
FIN541,ECON500
FIN541,MBA505
FIN544,FIN541
FIN545,FIN541
FIN546,FIN541
FIN547,FIN541
FIN551,FIN520
FIN551,MBA505
FIN552,FIN511
FIN572,ACCY500
FIN572,FIN570
FIN572,BADM572
FIN582,FIN583
FIN589,FIN511
FIN591,ECON502
FIN591,STAT400
FIN593,FIN591
FIN594,FIN591
FLTE475,FLTE471
FLTE478,FLTE471
FLTE478,FLTE475
FR102,FR101
FR103,FR102
FR104,FR103
FR133,FR102
FR134,FR133
FR134,FR103
FR205,FR104
FR205,FR134
FR207,FR134
FR207,FR104
FR211,FR207
FR212,FR207
FR299,FR205
FR301,FR211
FR301,FR212
FR309,FR207
FR309,FR211
FR309,FR212
FR311,FR207
FR311,FR211
FR311,FR212
FR312,FR207
FR312,FR211
FR312,FR212
FR313,FR205
FR313,FR212
FR314,FR207
FR319,FR207
FR319,FR211
FR319,FR212
FR322,FR207
FR322,FR211
FR322,FR212
FR323,FR207
FR323,FR211
FR323,FR212
FR324,FR207
FR324,FR211
FR324,FR212
FR335,FR211
FR335,FR212
FR336,FR211
FR336,FR212
FR337,FR207
FR337,FR211
FR337,FR212
FR390,FR205
FR390,FR207
FR416,FR413
FR419,FR314
FR421,FR419
FR443,FR314
FR479,FR314
FR485,FR314
FR486,FR485
FR501,FR500
FR501,FR101
FR501,FR102
FSHN201,MATH220
FSHN201,PHYS101
FSHN232,FSHN101
FSHN250,FSHN220
FSHN251,FSHN220
FSHN260,CHEM232
FSHN320,FSHN101
FSHN320,FSHN120
FSHN320,FSHN220
FSHN322,FSHN120
FSHN322,FSHN220
FSHN329,RHET105
FSHN329,CMN101
FSHN329,FSHN120
FSHN329,FSHN220
FSHN340,FSHN249
FSHN414,CHEM232
FSHN416,FSHN414
FSHN418,CHEM232
FSHN418,FSHN414
FSHN418,FSHN416
FSHN419,FSHN414
FSHN419,FSHN514
FSHN419,FSHN471
FSHN419,FSHN573
FSHN419,FSHN481
FSHN419,FSHN482
FSHN420,FSHN220
FSHN420,MCB450
FSHN421,FSHN420
FSHN421,FSHN322
FSHN422,FSHN120
FSHN422,FSHN220
FSHN422,CHEM101
FSHN423,FSHN220
FSHN426,FSHN220
FSHN426,FSHN120
FSHN426,FSHN414
FSHN427,FSHN220
FSHN427,FSHN120
FSHN427,FSHN414
FSHN428,FSHN220
FSHN439,FSHN340
FSHN443,FSHN442
FSHN459,FSHN429
FSHN460,MATH220
FSHN460,PHYS101
FSHN460,FSHN201
FSHN464,FSHN414
FSHN466,FSHN232
FSHN466,FSHN302
FSHN466,FSHN416
FSHN466,FSHN419
FSHN466,FSHN471
FSHN466,FSHN472
FSHN466,FSHN484
FSHN466,FSHN418
FSHN469,MATH220
FSHN471,MCB100
FSHN471,MCB250
FSHN471,MCB300
FSHN472,FSHN471
FSHN475,FSHN175
FSHN475,FSHN471
FSHN481,FSHN414
FSHN481,FSHN460
FSHN481,FSHN471
FSHN482,FSHN481
FSHN483,FSHN414
FSHN483,FSHN460
FSHN483,FSHN471
FSHN484,FSHN483
FSHN502,FSHN302
FSHN514,CHEM232
FSHN519,FSHN414
FSHN519,FSHN418
FSHN521,MCB450
FSHN521,MCB244
FSHN521,MCB246
FSHN521,FSHN420
FSHN522,MCB450
FSHN522,MCB244
FSHN522,MCB246
FSHN522,FSHN420
FSHN527,FSHN426
FSHN527,FSHN427
FSHN527,MCB450
FSHN552,FSHN420
FSHN563,FSHN414
FSHN574,FSHN471
FSHN576,FSHN471
FSHN576,FSHN573
FSHN591,FSHN590
GEOL201,GEOL110
GEOL201,GEOL143
GEOL208,GEOL100
GEOL208,GEOL104
GEOL208,GEOL107
GEOL333,CHEM102
GEOL333,CHEM103
GEOL333,GEOL100
GEOL333,GEOL110
GEOL333,GEOL104
GEOL333,GEOL107
GEOL350,GEOL111
GEOL350,GEOL143
GEOL380,CHEM102
GEOL380,CHEM103
GEOL380,GEOL100
GEOL380,GEOL110
GEOL380,GEOL104
GEOL380,GEOL107
GEOL390,GEOL208
GEOL391,GEOL208
GEOL401,GEOL208
GEOL411,GEOL107
GEOL416,GEOL411
GEOL416,GEOL208
GEOL416,GEOL440
GEOL417,GEOL411
GEOL417,GEOL432
GEOL417,GEOL440
GEOL432,GEOL208
GEOL432,CHEM104
GEOL432,CHEM105
GEOL436,GEOL432
GEOL440,GEOL208
GEOL450,PHYS102
GEOL450,GEOL107
GEOL451,MATH241
GEOL451,PHYS212
GEOL452,MATH241
GEOL452,PHYS211
GEOL454,MATH285
GEOL460,GEOL107
GEOL460,CHEM104
GEOL460,CHEM105
GEOL460,MATH220
GEOL460,MATH221
GEOL470,MATH220
GEOL470,MATH221
GEOL490,GEOL208
GEOL491,GEOL208
GEOL506,GEOL401
GEOL506,MATH285
GEOL507,GEOL401
GEOL507,GEOL411
GEOL507,GEOL470
GEOL511,GEOL411
GEOL512,GEOL411
GEOL540,GEOL411
GEOL540,GEOL440
GEOL552,MATH285
GEOL552,PHYS211
GEOL552,GEOL452
GEOL553,GEOL450
GEOL553,GEOL452
GEOL560,CHEM104
GEOL560,CHEM105
GEOL560,MATH220
GEOL560,GEOL460
GEOL571,GEOL460
GEOL571,GEOL560
GEOL571,CEE443
GEOL571,CEE534
GEOL571,GEOL470
GEOL571,CEE457
GEOL571,CEE557
GEOL572,GEOL470
GEOL572,CEE457
GEOL579,GEOL470
GEOL579,GEOL562
GEOL579,CEE457
GEOL598,GEOL598
GER211,GER104
GER212,GER211
GER299,GER104
GER320,GER211
GER321,GER320
GER332,GER331
GER401,GER212
GER403,GER401
GER420,GER331
GER501,GER500
GER520,GER465
GER530,GER465
GGIS205,ECON102
GGIS205,ECON103
GGIS380,GGIS379
GGIS380,ESE379
GGIS406,PHYS101
GGIS406,GGIS103
GGIS406,GEOL107
GGIS408,GGIS103
GGIS412,GGIS379
GGIS438,GGIS384
GGIS438,SOC274
GGIS439,HK209
GGIS439,ECON202
GGIS439,SOC280
GGIS460,GGIS103
GGIS468,IB444
GGIS476,GGIS103
GGIS476,GGIS224
GGIS477,GGIS280
GGIS477,STAT100
GGIS478,GGIS477
GGIS479,GGIS379
GGIS479,ESE379
GGIS489,ESE379
GGIS491,GGIS471
GGIS507,GGIS407
GGIS520,GGIS410
GGIS520,GGIS466
GGIS520,SOC447
GGIS527,GGIS407
GLBL340,GLBL240
GLBL440,GLBL340
GLBL450,GLBL250
GLBL492,GLBL200
GLBL494,GLBL200
GLBL495,GLBL494
GLBL499,GLBL100
GLBL520,GLBL500
GLBL572,GLBL500
GLBL573,GLBL500
GLBL580,ENG571
GRK102,GRK101
GRK201,GRK102
GRK202,GRK201
GRK401,GRK202
GRK411,GRK201
GRK491,GRK401
GRK493,GRK401
GRK520,GRK491
GRK531,GRK491
GRK531,LAT491
GRKM202,GRKM201
GRKM403,GRKM202
GRKM404,GRKM403
GRKM453,GRKM404
GRKM454,GRKM453
GSD512,GSD511
GSD513,GSD511
GSD513,GSD512
GSD515,GSD500
GSD520,GSD511
GSD521,GSD511
GSD522,GSD511
GSD523,GSD511
GSD529,GSD511
GSD530,GSD511
GSD531,GSD511
GSD540,GSD511
GSD541,GSD511
GSD550,GSD511
GSD551,GSD511
GSD560,GSD511
GSD561,GSD511
GWS317,GWS100
GWS317,GWS201
GWS317,GWS202
GWS366,GWS100
GWS366,GWS201
GWS366,GWS202
GWS370,GWS100
GWS370,GWS201
GWS370,GWS202
GWS380,AFRO100
GWS380,GWS100
GWS380,GWS250
GWS385,GWS100
GWS385,GWS201
GWS385,GWS202
GWS459,GWS100
GWS459,GWS250
GWS459,GWS350
GWS459,GWS370
GWS464,GWS100
GWS464,GWS250
GWS464,GWS350
GWS464,GWS370
HDFS208,HDFS105
HDFS290,HDFS105
HDFS301,HDFS105
HDFS301,PSYC216
HDFS305,HDFS105
HDFS310,HDFS105
HDFS320,HDFS120
HDFS320,SOC100
HDFS330,STAT100
HDFS335,HDFS105
HDFS340,HDFS105
HDFS340,SOC100
HDFS350,HDFS105
HDFS401,HDFS301
HDFS401,HDFS290
HDFS405,HDFS105
HDFS405,PSYC100
HDFS406,HDFS220
HDFS408,HDFS105
HDFS420,HDFS120
HDFS425,HDFS120
HDFS426,HDFS120
HDFS444,SOC100
HDFS445,HDFS105
HDFS445,HDFS290
HDFS503,HDFS501
HDFS508,HDFS408
HDFS518,HDFS408
HDFS527,HDFS521
HDFS528,HDFS501
HDFS528,HDFS521
HDFS550,HDFS450
HDFS582,HDFS590
HDFS594,HDFS590
HDFS597,HDFS594
HEBR202,HEBR201
HEBR403,HEBR202
HEBR404,HEBR403
HEBR405,HEBR404
HEBR406,HEBR405
HEBR407,HEBR205
HEBR407,HEBR406
HIST493,HIST492
HIST493,HIST499
HIST499,HIST492
HIST521,EALC500
HIST521,HIST520
HIST594,HIST593
HK340,HK140
HK340,PSYC100
HK351,HK352
HK354,MCB244
HK442,HK243
HK443,HK340
HK450,HK352
HK450,MCB450
HK452,HK352
HK455,HK352
HK466,HK140
HK466,HK150
HK471,HK470
HK523,HK522
HK528,PATH517
HK531,HK527
HK531,HK513
HK533,HK517
HK533,HK527
HK553,HK551
HNDI202,HNDI201
HNDI403,HNDI202
HNDI404,HNDI403
HNDI405,HNDI404
HNDI406,HNDI405
HNDI412,HNDI403
HORT240,IB103
HORT341,NRES201
HORT341,HORT100
HORT344,IB103
HORT360,HORT100
HORT361,HORT100
HORT361,IB103
HORT362,HORT100
HORT362,IB103
HORT363,HORT100
HORT363,CHEM102
HORT363,CHEM103
HORT363,IB103
HORT421,HORT100
HORT421,IB103
HORT435,HORT100
HORT435,CPSC112
HORT442,NRES201
HORT442,IB420
HORT447,CPSC352
HT511,HT510
HT512,HT511
IB151,IB150
IB201,IB204
IB202,IB150
IB202,MCB150
IB203,IB150
IB203,MCB150
IB204,IB150
IB204,MCB150
IB270,IB150
IB270,MCB150
IB271,IB150
IB271,MCB150
IB271,IB270
IB302,IB204
IB303,IB150
IB360,IB302
IB360,MCB250
IB360,MCB244
IB364,IB204
IB368,IB203
IB368,NRES219
IB372,IB271
IB401,IB150
IB405,IB204
IB407,IB100
IB407,IB103
IB407,IB150
IB420,IB103
IB420,IB150
IB420,MCB150
IB420,CHEM232
IB421,IB420
IB421,MCB354
IB421,MCB450
IB421,BIOP401
IB426,MCB150
IB426,IB202
IB426,CHEM232
IB430,IB329
IB431,IB329
IB432,IB150
IB432,IB204
IB433,IB202
IB433,IB401
IB435,IB202
IB435,IB203
IB438,IB202
IB439,IB150
IB444,IB150
IB444,MCB150
IB451,IB203
IB452,CHEM102
IB452,CHEM104
IB453,IB203
IB460,IB302
IB461,IB203
IB462,IB202
IB462,IB203
IB463,IB302
IB464,IB302
IB465,IB204
IB467,IB302
IB467,IB468
IB468,IB401
IB471,IB150
IB471,IB302
IB481,IB361
IB481,IB401
IB482,IB150
IB482,IB401
IB494,MATH220
IB494,MATH221
IB504,IB204
IB542,IB420
IE300,MATH241
IE310,MATH257
IE311,IE310
IE330,IE300
IE340,PSYC100
IE340,PSYC103
IE360,IE310
IE361,IE310
IE370,IE300
IE370,IE310
IE371,IE300
IE371,IE310
IE400,IE300
IE405,CS101
IE405,CS124
IE410,IE310
IE411,IE310
IE411,MATH257
IE411,MATH415
IE412,IE310
IE413,CS101
IE413,IE310
IE420,IE300
IE430,IE300
IE431,IE300
IE434,MATH231
IE434,MATH257
IE434,MATH415
IE434,CS101
IE434,CS124
IE441,IE340
IE510,IE310
IE511,IE411
IE511,MATH482
IE513,IE310
IE514,IE411
IE516,IE410
IE516,IE411
IE518,IE410
IE519,IE411
IE519,CS374
IE519,MATH412
IE521,ECE490
IE521,IE411
IE521,MATH416
IE521,MATH444
IE522,IE300
IE522,MATH461
IE523,CS225
IE524,FIN500
IE524,MATH257
IE525,IE523
IE529,MATH416
IE529,IE300
IE531,IE411
IE531,CS225
IE532,MATH412
IE533,MATH213
IE533,IE300
IE533,IE411
IE534,CS446
IE583,IE522
IE583,FIN500
INFO427,INFO407
IS203,MATH112
IS236,IS204
IS236,IS226
IS249,IS101
IS249,IS202
IS269,IS101
IS269,IS202
IS304,IS204
IS304,IS236
IS305,IS205
IS305,CS101
IS305,CS105
IS305,CS125
IS305,ECE120
IS308,IS202
IS309,IS202
IS311,IS202
IS370,IS204
IS416,IS406
IS417,STAT107
IS417,IS430
IS427,IS203
IS427,IS205
IS427,IS206
IS439,IS430
IS449,IS205
IS449,IS206
IS449,IS229
IS477,IS205
IS477,STAT207
IS490,IS202
IS517,IS507
IS521,IS505
IS521,IS501
IS521,IS430
IS530,IS505
IS557,IS577
IS557,IS590
IS557,IS517
IS557,CS412
IS557,CS446
IS559,IS559
IS561,IS505
IS575,IS505
IS575,IS501
IS585,IS505
IS585,IS501
IS589,IS592
IS599,IS599
ITAL102,ITAL101
ITAL103,ITAL102
ITAL104,ITAL103
ITAL200,ITAL104
ITAL210,ITAL104
ITAL310,ITAL210
ITAL380,ITAL210
ITAL390,ITAL104
ITAL440,ITAL200
ITAL450,ITAL310
JAPN202,JAPN201
JAPN203,JAPN202
JAPN204,JAPN203
JAPN305,JAPN204
JAPN306,JAPN305
JAPN408,JAPN407
JAPN440,JAPN306
JAPN441,JAPN440
JOUR210,JOUR200
JOUR215,JOUR210
JOUR315,JOUR210
JOUR317,JOUR217
JOUR317,JOUR340
JOUR335,JOUR210
JOUR335,JOUR215
JOUR340,JOUR215
JOUR410,STAT100
JOUR417,JOUR317
JOUR417,JOUR340
JOUR425,JOUR215
JOUR440,JOUR215
JOUR440,JOUR240
JOUR440,JOUR340
JOUR440,MACS150
JOUR440,MACS260
JOUR445,JOUR340
JOUR472,JOUR210
JOUR480,JOUR210
JOUR481,JOUR210
JOUR483,JOUR315
JOUR483,JOUR483
KOR202,KOR201
KOR203,KOR202
KOR204,KOR203
KOR222,KOR221
KOR241,KOR222
KOR242,KOR241
KOR305,KOR204
KOR306,KOR305
KOR440,KOR306
KOR440,KOR242
KOR441,KOR440
LA233,LA280
LA234,LA233
LA250,GEOL100
LA250,GGIS103
LA280,LA233
LA281,LA234
LA281,LA280
LA315,LA314
LA335,LA234
LA336,LA335
LA342,LA241
LA343,LA342
LA437,LA336
LA438,LA336
LA452,LA352
LA453,LA452
LA482,LA280
LA482,LA281
LA490,LA390
LA515,LA513
LA533,LA433
LA534,LA433
LA537,LA534
LA539,LA534
LA592,LA538
LA594,LA438
LAS292,LAS291
LAST490,LAST170
LAT102,LAT101
LAT201,LAT102
LAT401,LAT202
LAT411,LAT202
LAT493,LAT401
LAT520,LAT491
LAW612,LAW606
LAW625,LAW606
LAW634,LAW633
LAW635,LAW633
LAW636,LAW633
LAW639,LAW633
LAW648,LAW647
LAW649,LAW647
LAW651,LAW647
LAW695,LAW682
LEAD170,LEAD140
LEAD460,LEAD260
LEAD480,LEAD260
LER320,LER100
LER320,LER110
LER545,LER593
LING270,LING100
LING301,LING100
LING302,LING100
LING304,LING100
LING307,LING100
LING403,LING301
LING403,LING302
LING403,LING401
LING406,LING100
LING406,LING400
LING406,CS225
LING406,STAT200
LING406,STAT212
LING406,STAT400
LING406,CS361
LING407,LING307
LING410,LING301
LING413,LING100
LING413,LING400
LING413,LING402
LING430,LING400
LING446,LING402
LING469,LING100
LING469,LING400
LING490,LING100
LING490,LING400
LING501,LING400
LING502,LING401
LING506,LING406
LING507,LING407
LING514,LING400
LING514,LING425
LING516,LING501
LING516,LING502
LING520,LING401
LING520,LING502
LING522,LING401
LING541,LING501
LING542,LING502
LING547,LING507
LING550,LING450
LING551,LING501
LING551,LING507
LING560,LING450
LING582,LING542
LING587,LING450
LING591,LING501
LING591,LING502
LLS320,LLS100
LLS320,SOC100
LLS385,LLS100
LLS387,LLS100
LLS410,LLS100
LLS479,LLS100
LLS490,LLS385
MACS260,MACS140
MACS260,MACS150
MACS370,MACS260
MACS371,MACS260
MACS480,MACS370
MACS481,MACS370
MATH103,MATH112
MATH117,MATH112
MATH124,MATH112
MATH213,MATH220
MATH213,MATH221
MATH225,MATH220
MATH225,MATH221
MATH227,STAT107
MATH231,MATH220
MATH231,MATH221
MATH241,MATH231
MATH257,MATH220
MATH257,MATH221
MATH257,CS101
MATH284,MATH231
MATH285,MATH241
MATH299,MATH220
MATH299,MATH221
MATH314,MATH241
MATH347,MATH231
MATH402,MATH241
MATH402,MATH314
MATH402,MATH347
MATH403,MATH241
MATH403,MATH314
MATH403,MATH347
MATH405,MATH241
MATH405,MATH314
MATH405,MATH347
MATH406,MATH241
MATH412,MATH314
MATH412,MATH347
MATH412,CS374
MATH413,MATH314
MATH413,MATH347
MATH414,MATH314
MATH414,MATH347
MATH415,MATH241
MATH416,MATH241
MATH416,MATH314
MATH416,MATH347
MATH417,MATH416
MATH417,ASRM406
MATH417,MATH415
MATH417,MATH314
MATH417,MATH347
MATH417,CS374
MATH418,MATH417
MATH423,MATH241
MATH424,MATH347
MATH424,MATH416
MATH425,MATH424
MATH425,MATH415
MATH425,MATH416
MATH432,MATH314
MATH432,MATH347
MATH441,MATH241
MATH441,MATH314
MATH441,MATH347
MATH442,MATH284
MATH442,MATH285
MATH442,MATH441
MATH444,MATH241
MATH444,MATH314
MATH444,MATH347
MATH446,MATH241
MATH447,MATH241
MATH447,MATH314
MATH447,MATH347
MATH448,MATH447
MATH453,MATH241
MATH461,MATH241
MATH466,MATH241
MATH466,MATH416
MATH466,MATH461
MATH467,MATH416
MATH467,MATH461
MATH467,STAT400
MATH467,STAT207
MATH467,CS277
MATH467,CS307
MATH481,MATH241
MATH481,MATH415
MATH481,MATH416
MATH482,ASRM406
MATH482,MATH415
MATH482,MATH416
MATH484,MATH241
MATH484,MATH314
MATH484,MATH347
MATH484,MATH415
MATH487,MATH284
MATH487,MATH285
MATH487,MATH441
MATH489,MATH284
MATH489,MATH285
MATH489,MATH441
MATH495,MATH220
MATH500,MATH417
MATH500,MATH418
MATH501,MATH500
MATH502,MATH501
MATH503,MATH500
MATH505,MATH501
MATH506,MATH501
MATH510,MATH542
MATH511,MATH500
MATH512,MATH500
MATH512,MATH510
MATH512,MATH511
MATH514,MATH448
MATH518,MATH423
MATH518,MATH481
MATH519,MATH518
MATH520,MATH518
MATH525,MATH417
MATH525,MATH448
MATH526,MATH525
MATH526,MATH500
MATH527,MATH526
MATH530,MATH500
MATH531,MATH448
MATH531,MATH417
MATH531,MATH453
MATH532,MATH531
MATH533,MATH526
MATH540,MATH447
MATH541,MATH540
MATH542,MATH446
MATH542,MATH447
MATH542,MATH448
MATH543,MATH542
MATH545,MATH448
MATH545,MATH541
MATH546,MATH541
MATH547,MATH541
MATH550,MATH489
MATH554,MATH553
MATH558,MATH441
MATH558,MATH442
MATH558,MATH461
MATH561,MATH541
MATH562,MATH561
MATH563,MATH461
MATH564,MATH446
MATH564,MATH447
MATH570,MATH417
MATH571,MATH570
MATH574,MATH570
MATH581,MATH580
MATH582,MATH580
MATH583,MATH580
MATH584,MATH580
MATH585,MATH580
MATH586,MATH580
MATH589,MATH415
MATH589,MATH447
MBA500,MBA501
MBA500,MBA502
MBA520,MBA501
MBA520,MBA502
MBA520,MBA503
MBA520,MBA504
MBA520,MBA505
MCB100,MCB100
MCB101,MCB100
MCB151,MCB150
MCB244,CHEM101
MCB245,CHEM101
MCB246,CHEM101
MCB247,CHEM101
MCB250,MCB150
MCB250,CHEM102
MCB250,CHEM104
MCB251,MCB250
MCB252,MCB250
MCB253,MCB252
MCB300,MCB252
MCB301,MCB300
MCB316,MCB250
MCB317,MCB250
MCB317,MCB251
MCB317,MCB252
MCB317,MCB253
MCB320,MCB252
MCB354,CHEM232
MCB354,CHEM236
MCB354,MCB250
MCB354,MCB252
MCB364,MCB252
MCB364,MCB253
MCB400,MCB354
MCB401,MCB252
MCB402,MCB252
MCB406,MCB354
MCB408,MCB250
MCB408,MCB251
MCB408,MCB252
MCB408,MCB253
MCB408,MCB354
MCB410,MCB252
MCB413,MCB252
MCB419,CS101
MCB419,PHYS102
MCB419,PHYS212
MCB419,MCB252
MCB421,MCB300
MCB424,MCB250
MCB424,MCB354
MCB424,MCB450
MCB426,MCB300
MCB426,MCB354
MCB428,MCB300
MCB428,MCB301
MCB430,MCB354
MCB431,MCB300
MCB432,MCB250
MCB432,MCB252
MCB432,MCB354
MCB432,MATH220
MCB432,MATH221
MCB432,MATH231
MCB432,STAT212
MCB435,MCB300
MCB436,MCB150
MCB438,MCB300
MCB438,MCB354
MCB450,CHEM232
MCB450,CHEM236
MCB460,MCB314
MCB461,MCB252
MCB461,MCB250
MCB462,MCB252
MCB465,MCB250
MCB465,MCB252
MCB466,MCB252
MCB466,MCB354
MCB471,MCB250
MCB471,MCB252
MCB474,MCB317
MCB480,MCB252
MCB492,MCB290
MCB520,MCB430
MCB521,MCB421
MCB526,MCB426
MCB532,MCB431
MCB534,MCB424
MCB545,MCB502
MCB581,MCB582
MCB582,MCB581
MCB583,MCB581
ME200,MATH241
ME270,ME170
ME310,MATH285
ME310,MATH441
ME310,ME200
ME320,ME200
ME320,ME310
ME320,TAM335
ME320,MATH285
ME320,MATH441
ME330,CHEM102
ME330,TAM251
ME340,MATH285
ME340,MATH441
ME340,TAM212
ME340,MATH257
ME340,ECE205
ME360,ME340
ME370,ME270
ME370,TAM212
ME370,TAM251
ME371,ME330
ME371,CEE300
ME371,ME370
ME400,ME200
ME401,ME320
ME402,ME320
ME403,ME400
ME404,ME200
ME410,ME200
ME410,ME310
ME410,TAM335
ME410,AE311
ME412,ME310
ME412,TAM335
ME412,ME320
ME420,ME310
ME420,TAM335
ME420,ME320
ME430,ME330
ME430,TAM324
ME431,ME330
ME431,ME371
ME431,ME430
ME432,PHYS212
ME432,ME330
ME440,ME370
ME447,CS101
ME447,CS125
ME447,MATH415
ME451,ME270
ME452,CS101
ME452,ME270
ME453,ME270
ME453,IE300
ME453,STAT400
ME453,MATH257
ME453,MATH415
ME455,ME270
ME458,ME371
ME460,ME340
ME460,ME360
ME461,ME360
ME461,ABE425
ME462,ME360
ME471,CS101
ME471,ME371
ME471,TAM470
ME475,ME370
ME481,TAM212
ME481,TAM251
ME482,TAM251
ME483,CHEM102
ME483,TAM251
ME487,PHYS212
ME501,AE311
ME501,ME410
ME502,ME402
ME503,ME403
ME504,ME404
ME510,ME410
ME512,ME420
ME512,ME411
ME512,CEE442
ME512,CEE451
ME512,CHBE421
ME520,ME420
ME521,ME411
ME522,ME420
ME530,ME430
ME531,ME471
ME531,ME430
ME543,MATH257
ME543,MATH415
ME543,ME340
ME543,TAM412
ME547,ME543
ME547,ECE515
ME547,ME540
ME547,ECE517
ME561,ECE515
ME562,ECE486
ME562,ECE515
ME562,ECE528
ME562,ME460
ME570,AE420
ME570,CEE470
ME570,ME471
ME570,TAM470
ME570,TAM445
ME570,TAM551
ME588,ME330
ME588,CEE300
ME588,PHYS460
ME588,MSE304
ME588,ECE340
ME588,CHEM442
ME588,PHYS214
MILS301,MILS101
MILS301,MILS102
MILS301,MILS201
MILS301,MILS202
MILS301,MILS301
MILS302,MILS301
MILS302,MILS302
MILS341,MILS301
MILS341,MILS312
MILS341,MILS302
MILS341,MILS314
MILS341,MILS341
MILS342,MILS341
MILS342,MILS342
MSE183,MSE182
MSE201,MSE182
MSE201,CHEM104
MSE206,MATH241
MSE206,PHYS211
MSE280,CHEM102
MSE280,PHYS211
MSE304,PHYS214
MSE307,MSE201
MSE308,MSE307
MSE401,MSE201
MSE401,MSE280
MSE401,MATH285
MSE402,MSE201
MSE402,MSE401
MSE403,MSE201
MSE403,MSE401
MSE404,MSE307
MSE404,MSE308
MSE405,MSE201
MSE405,MATH285
MSE405,PHYS214
MSE406,MSE206
MSE406,MSE201
MSE420,MSE401
MSE421,MSE420
MSE422,MSE420
MSE440,MSE406
MSE441,MSE406
MSE443,MSE401
MSE443,MSE402
MSE450,MSE401
MSE453,MSE450
MSE455,MSE206
MSE455,TAM251
MSE456,AE321
MSE456,CEE300
MSE456,ME330
MSE456,MSE206
MSE457,CHEM232
MSE458,MSE401
MSE460,ECE340
MSE460,MSE304
MSE460,PHYS460
MSE461,ECE340
MSE464,ECE340
MSE464,MSE304
MSE464,PHYS460
MSE466,MSE304
MSE470,MCB252
MSE473,MCB150
MSE473,MSE403
MSE473,CHEM440
MSE473,CHEM472
MSE474,CHEM236
MSE474,MSE457
MSE474,MCB450
MSE480,MSE401
MSE481,MSE405
MSE485,MSE401
MSE487,MSE401
MSE487,PHYS214
MSE488,MATH285
MSE488,PHYS214
MSE489,MSE201
MSE494,MSE308
MSE495,MSE494
MSE500,MSE401
MSE501,MSE500
MSE501,PHYS560
MSE522,MSE401
MSE522,MSE403
MSE522,MSE420
MSE522,MSE422
MSE552,MSE450
MSE552,CHBE456
MSE580,MSE405
MSE580,PHYS436
MSE581,MSE405
MSE581,MSE481
MSE582,MSE501
MSE582,PHYS560
MSE583,MSE401
MSE584,MSE401
MSE584,MSE501
MSE584,PHYS460
MSE584,PHYS560
MUSE389,MUSE200
MUSE389,ANTH462
MUS102,MUS101
MUS104,MUS103
MUS105,MUS101
MUS105,CS124
MUS105,MATH220
MUS108,MUS107
MUS160,MUS174
MUS160,MUS202
MUS160,MUS208
MUS161,MUS160
MUS163,MUS172
MUS163,MUS173
MUS164,MUS163
MUS167,MUS166
MUS173,MUS101
MUS173,MUS107
MUS173,MUS172
MUS174,MUS102
MUS174,MUS108
MUS174,MUS173
MUS175,MUS201
MUS175,MUS207
MUS175,MUS174
MUS201,MUS102
MUS201,MUS108
MUS202,MUS201
MUS202,MUS207
MUS205,CS124
MUS205,CS128
MUS205,CS222
MUS205,MUS101
MUS205,MUS102
MUS206,MUS106
MUS207,MUS108
MUS208,MUS207
MUS243,MUS240
MUS244,MUS240
MUS305,MUS105
MUS305,MUS205
MUS305,CS124
MUS305,CS128
MUS305,CS222
MUS313,MUS110
MUS314,MUS313
MUS317,MUS314
MUS318,MUS317
MUS330,MUS242
MUS330,MUS348
MUS331,MUS330
MUS332,MUS242
MUS333,MUS242
MUS342,MUS240
MUS343,MUS240
MUS344,MUS240
MUS344,MUS350
MUS346,MUS240
MUS346,MUS350
MUS348,MUS242
MUS350,MUS240
MUS350,MUS342
MUS350,MUS343
MUS360,MUS102
MUS360,MUS108
MUS360,MUS167
MUS361,MUS360
MUS362,MUS166
MUS363,MUS362
MUS364,MUS363
MUS365,MUS364
MUS369,MUS368
MUS400,MUS202
MUS400,MUS208
MUS401,MUS209
MUS401,MUS407
MUS404,MUS106
MUS404,MUS202
MUS404,MUS208
MUS405,MUS202
MUS405,MUS208
MUS406,MUS206
MUS408,MUS202
MUS408,MUS208
MUS409,MUS407
MUS410,MUS313
MUS410,MUS314
MUS411,MUS313
MUS411,MUS314
MUS412,MUS313
MUS412,MUS314
MUS413,MUS313
MUS413,MUS314
MUS414,MUS313
MUS414,MUS314
MUS415,MUS313
MUS415,MUS314
MUS416,ANTH103
MUS418,MUS313
MUS418,MUS314
MUS426,MUS202
MUS426,MUS208
MUS433,MUS240
MUS433,MUS342
MUS433,MUS343
MUS434,MUS240
MUS434,MUS342
MUS434,MUS343
MUS435,MUS107
MUS436,MUS107
MUS437,MUS240
MUS437,MUS343
MUS438,MUS240
MUS439,MUS240
MUS439,MUS342
MUS439,MUS343
MUS442,MUS202
MUS442,MUS208
MUS447,MUS240
MUS447,MUS243
MUS449,MUS240
MUS449,MUS342
MUS449,MUS343
MUS454,MUSC101
MUS454,MUS175
MUS454,MUS202
MUS454,MUS208
MUS455,MUSC101
MUS455,MUS175
MUS455,MUS202
MUS455,MUS208
MUS455,MUS454
MUS456,MUS161
MUS470,MUS469
MUS472,MUS422
MUS472,MUSC468
MUS508,MUS504
MUS512,MUS511
MUS513,MUS528
MUS515,MUS528
MUS516,MUS512
MUS517,MUS528
MUS518,MUS528
MUS519,MUS511
MUS519,MUS512
MUS520,MUS512
MUS521,MUS528
MUS522,MUS528
MUS534,MUS533
MUS542,MUS447
MUS548,MUS361
MUS549,MUS548
MUS553,MUS333
MUS569,MUS532
MUS569,MUS533
MUS574,MUS363
MUS575,MUS574
NE330,NE100
NE330,MCB252
NE402,NE410
NE402,ECE410
NE402,NE420
NE402,ECE421
NE402,NE422
NE412,BIOE210
NE412,BIOE310
NE422,BIOE210
NE422,BIOE310
NE422,NE330
NE430,NE330
NE431,NE330
NEUR543,NEUR542
NPRE200,MATH231
NPRE201,MATH220
NPRE201,MATH221
NPRE201,PHYS101
NPRE201,PHYS211
NPRE201,CHEM104
NPRE201,CHEM204
NPRE201,ME200
NPRE247,PHYS211
NPRE247,CS101
NPRE247,MATH285
NPRE321,MATH241
NPRE321,PHYS212
NPRE349,MATH285
NPRE349,TAM335
NPRE412,NPRE402
NPRE412,NPRE247
NPRE421,NPRE321
NPRE423,NPRE421
NPRE423,NPRE451
NPRE429,ECE329
NPRE429,PHYS435
NPRE430,NPRE330
NPRE432,NPRE330
NPRE435,NPRE445
NPRE441,NPRE445
NPRE442,MATH231
NPRE442,PHYS102
NPRE442,PHYS212
NPRE445,NPRE200
NPRE445,MATH285
NPRE445,PHYS212
NPRE448,MATH285
NPRE448,ME200
NPRE448,NPRE455
NPRE449,NPRE349
NPRE449,NPRE455
NPRE451,NPRE445
NPRE452,NPRE451
NPRE455,NPRE247
NPRE457,NPRE402
NPRE457,NPRE247
NPRE458,NPRE449
NPRE470,CHEM102
NPRE470,MATH285
NPRE470,PHYS212
NPRE475,CS101
NPRE475,MATH241
NPRE475,CHBE421
NPRE475,ECE110
NPRE475,ECE205
NPRE475,ME310
NPRE475,TAM335
NPRE501,NPRE247
NPRE511,NPRE501
NPRE522,NPRE421
NPRE523,ECE329
NPRE523,PHYS435
NPRE523,NPRE421
NPRE526,NPRE429
NPRE527,ECE452
NPRE527,PHYS485
NPRE527,NPRE429
NPRE531,NPRE430
NPRE555,NPRE455
NPRE558,NPRE448
NPRE558,NPRE501
NPRE560,NPRE555
NPRE561,NPRE461
NPRE561,NPRE457
NPRE561,CEE491
NRES201,MATH115
NRES201,MATH234
NRES201,CHEM102
NRES285,NRES201
NRES285,NRES219
NRES287,NRES102
NRES302,IB103
NRES325,ECON102
NRES325,ACE100
NRES340,STAT100
NRES348,IB203
NRES348,NRES219
NRES351,MATH234
NRES351,CHEM104
NRES362,NRES219
NRES401,CHEM102
NRES403,MATH220
NRES403,MATH221
NRES403,MATH234
NRES407,NRES348
NRES409,NRES348
NRES416,NRES419
NRES416,NRES302
NRES418,NRES201
NRES418,NRES219
NRES419,NRES219
NRES419,LA450
NRES419,IB103
NRES419,CHEM104
NRES419,NRES201
NRES420,NRES219
NRES420,LA450
NRES421,MATH220
NRES421,MATH221
NRES421,MATH234
NRES427,MATH220
NRES427,MATH221
NRES427,MATH234
NRES428,NRES287
NRES429,CHEM102
NRES429,PHYS101
NRES429,PHYS140
NRES429,MATH220
NRES429,MATH221
NRES429,MATH234
NRES429,IB203
NRES429,NRES219
NRES438,IB203
NRES438,NRES219
NRES438,NRES201
NRES439,NRES219
NRES439,ACE210
NRES455,NRES454
NRES455,GGIS379
NRES456,NRES219
NRES456,NRES287
NRES465,NRES219
NRES465,NRES454
NRES471,NRES201
NRES473,NRES201
NRES474,NRES201
NRES475,NRES201
NRES475,CHEM104
NRES480,NRES348
NRES482,NRES201
NRES482,NRES219
NRES485,NRES219
NRES487,NRES201
NRES487,CHEM104
NRES488,NRES201
NRES490,CHEM104
NRES490,MATH220
NRES490,MATH221
NRES490,MATH234
NRES517,NRES417
NRES527,NRES417
NRES572,NRES201
NRES572,CHEM222
NRES586,CHEM232
NRES595,NRES593
NS307,NS204
NS308,NS303
NUTR511,MCB450
NUTR511,MCB244
NUTR511,MCB246
NUTR511,FSHN426
NUTR511,ANSC520
PATH433,MCB300
PATH433,MCB354
PATH511,VM608
PATH515,MCB426
PATH515,VM605
PATH516,VM608
PATH519,PATH433
PATH519,VM607
PATH527,VM607
PATH546,PATH545
PATH547,PATH545
PATH555,VM605
PATH555,VM608
PATH556,VM605
PATH556,VM608
PATH557,PATH556
PATH558,PATH556
PATH559,PATH545
PATH559,PATH546
PATH560,VM608
PATH560,PATH517
PATH560,PATH524
PATH560,SOC485
PERS202,PERS201
PERS403,PERS202
PERS404,PERS403
PERS453,PERS403
PERS453,PERS404
PERS454,PERS453
PHIL404,PHIL101
PHIL404,PHIL203
PHIL410,PHIL203
PHIL412,PHIL206
PHIL453,PHIL202
PHIL454,PHIL202
PHIL499,PHIL202
PHIL499,PHIL203
PHIL499,PHIL206
PHIL499,PHIL222
PHIL499,PHIL223
PHYS100,MATH220
PHYS102,PHYS101
PHYS211,MATH231
PHYS212,PHYS211
PHYS212,MATH241
PHYS213,PHYS211
PHYS213,MATH241
PHYS214,PHYS212
PHYS221,PHYS100
PHYS221,PHYS211
PHYS222,PHYS100
PHYS222,PHYS212
PHYS225,PHYS212
PHYS246,PHYS211
PHYS325,PHYS225
PHYS325,MATH285
PHYS326,PHYS325
PHYS370,PHYS214
PHYS371,PHYS212
PHYS371,CS101
PHYS371,CS124
PHYS371,PHYS246
PHYS395,PHYS394
PHYS401,PHYS325
PHYS401,PHYS435
PHYS402,PHYS214
PHYS402,PHYS435
PHYS402,ECE329
PHYS403,PHYS485
PHYS404,PHYS325
PHYS406,PHYS213
PHYS406,PHYS214
PHYS407,PHYS213
PHYS407,PHYS214
PHYS407,PHYS325
PHYS407,CS101
PHYS407,CS124
PHYS419,PHIL101
PHYS419,PHYS101
PHYS419,PHYS211
PHYS420,PHIL101
PHYS420,PHYS101
PHYS420,PHYS211
PHYS427,PHYS213
PHYS427,PHYS214
PHYS427,PHYS435
PHYS427,ECE329
PHYS435,MATH285
PHYS435,PHYS325
PHYS436,PHYS435
PHYS446,PHYS246
PHYS460,PHYS435
PHYS460,PHYS485
PHYS460,PHYS486
PHYS470,PHYS485
PHYS470,PHYS486
PHYS475,PHYS213
PHYS475,PHYS214
PHYS485,PHYS325
PHYS486,PHYS214
PHYS486,PHYS435
PHYS486,ECE329
PHYS487,PHYS486
PHYS499,PHYS496
PHYS504,PHYS427
PHYS504,PHYS486
PHYS505,PHYS436
PHYS508,MATH285
PHYS509,PHYS508
PHYS510,PHYS326
PHYS513,PHYS486
PHYS514,PHYS427
PHYS514,PHYS436
PHYS514,PHYS487
PHYS515,PHYS436
PHYS516,PHYS515
PHYS540,PHYS435
PHYS540,PHYS485
PHYS540,PHYS486
PHYS541,PHYS436
PHYS550,CHEM104
PHYS550,PHYS485
PHYS550,PHYS487
PHYS552,PHYS427
PHYS552,PHYS487
PHYS554,PHYS504
PHYS560,PHYS427
PHYS560,PHYS580
PHYS561,PHYS560
PHYS561,PHYS581
PHYS563,PHYS504
PHYS569,PHYS504
PHYS569,PHYS580
PHYS570,PHYS580
PHYS570,PHYS581
PHYS575,PHYS582
PHYS576,PHYS575
PHYS580,PHYS485
PHYS580,PHYS487
PHYS581,PHYS580
PHYS582,PHYS581
PHYS583,PHYS582
PHYS591,PHYS590
PLPA200,RHET105
PLPA403,CPSC212
PLPA405,CPSC212
PLPA509,MCB421
PLPA509,CPSC212
POL102,POL101
POL201,POL102
POL202,POL201
POL301,POL202
POL302,POL301
POL402,POL401
PORT401,PORT400
PORT402,PORT401
PORT403,PORT401
PORT404,PORT403
PORT406,PORT402
PORT410,PORT402
PSM502,PSM501
PSM503,PSM502
PS220,PS100
PS220,PS101
PS230,PS100
PS230,PS101
PS305,PS301
PS305,PS302
PS306,PS101
PS307,PS101
PS314,PS101
PS320,PS101
PS323,PS101
PS328,PS101
PS383,PS100
PS392,PS280
PS394,PS280
PS394,PS281
PS394,PS283
PS397,PS240
PS397,PS241
PS398,PS280
PS398,PS281
PS399,PS280
PS458,PS100
PS482,PS100
PS482,PS180
PS482,PS280
PS482,PS281
PS512,PS511
PS522,PS521
PS524,PS580
PS526,PS525
PS531,PS530
PS532,PS531
PS541,PS540
PS543,PS540
PS543,PS541
PS546,PS540
PS546,PS541
PS581,PS580
PS582,PS580
PS583,PS580
PS584,PS580
PS585,PS580
PS587,PS580
PS589,PS580
PS589,PS524
PSYC201,PSYC100
PSYC201,PSYC103
PSYC204,PSYC100
PSYC204,PSYC103
PSYC210,PSYC100
PSYC210,PSYC103
PSYC216,PSYC100
PSYC216,PSYC103
PSYC220,PSYC100
PSYC220,PSYC103
PSYC224,PSYC100
PSYC224,PSYC103
PSYC235,PSYC100
PSYC235,PSYC103
PSYC238,PSYC100
PSYC238,PSYC103
PSYC239,PSYC100
PSYC239,PSYC103
PSYC245,PSYC100
PSYC245,PSYC103
PSYC248,PSYC100
PSYC248,PSYC103
PSYC250,PSYC100
PSYC250,PSYC103
PSYC296,PSYC100
PSYC302,PSYC100
PSYC306,PSYC100
PSYC308,PSYC100
PSYC311,PSYC210
PSYC312,PSYC100
PSYC313,PSYC210
PSYC318,PSYC216
PSYC320,PSYC100
PSYC320,PSYC216
PSYC321,PSYC224
PSYC321,PSYC248
PSYC324,PSYC100
PSYC324,PSYC216
PSYC324,PSYC238
PSYC328,PSYC100
PSYC331,PSYC224
PSYC331,PSYC248
PSYC331,PSYC235
PSYC332,PSYC201
PSYC332,PSYC235
PSYC333,PSYC201
PSYC333,PSYC235
PSYC333,SOC280
PSYC334,PSYC230
PSYC334,PSYC235
PSYC336,PSYC238
PSYC336,PSYC239
PSYC340,PSYC100
PSYC341,PSYC340
PSYC350,PSYC235
PSYC350,PSYC250
PSYC351,PSYC100
PSYC351,PSYC224
PSYC351,PHIL101
PSYC351,PHIL102
PSYC353,PSYC201
PSYC353,PSYC235
PSYC361,PSYC100
PSYC361,PSYC216
PSYC361,PSYC224
PSYC363,PSYC216
PSYC363,PSYC235
PSYC365,PSYC100
PSYC379,PSYC238
PSYC396,PSYC100
PSYC402,PSYC210
PSYC402,PSYC238
PSYC403,PSYC210
PSYC403,PSYC224
PSYC404,PSYC210
PSYC404,PSYC224
PSYC408,PSYC100
PSYC413,PSYC313
PSYC414,PSYC210
PSYC414,MCB150
PSYC417,PSYC100
PSYC421,PSYC235
PSYC433,IB150
PSYC433,PSYC210
PSYC445,PSYC204
PSYC445,PSYC210
PSYC445,PSYC220
PSYC450,PSYC224
PSYC450,PSYC210
PSYC451,PSYC210
PSYC453,PSYC210
PSYC453,PSYC220
PSYC453,PSYC224
PSYC453,PSYC230
PSYC455,PSYC201
PSYC455,PSYC245
PSYC462,PSYC216
PSYC465,PSYC216
PSYC465,EPSY236
PSYC475,PSYC235
PSYC475,PSYC245
PSYC475,BADM313
PSYC490,PSYC235
PSYC496,PSYC100
PSYC498,PSYC398
PSYC499,PSYC498
PSYC507,PSYC506
PSYC524,LING425
PSYC524,PSYC425
PSYC524,PSYC462
PSYC526,PSYC525
PSYC533,PSYC530
PSYC544,PSYC524
PSYC546,PSYC538
PSYC548,PSYC506
PSYC563,PSYC506
PSYC572,PSYC506
PSYC572,PSYC507
PSYC588,PSYC594
PSYC588,STAT571
PSYC588,SOC587
PSYC594,EPSY581
PSYC594,EPSY582
QUEC420,QUEC411
QUEC421,QUEC420
REL223,REL214
REL291,REL104
REL291,REL286
REL414,REL205
REL436,REL235
REL436,REL236
REL440,REL121
REL440,REL202
REL484,REL287
RHET101,RHET101
RHET102,RHET101
RST205,RST130
RST240,RST100
RST240,RST210
RST265,RST260
RST300,RST100
RST301,RST325
RST340,RST100
RST360,RST210
RST410,RST210
RST410,RST240
RST410,RST325
RST429,RST120
RST429,RST130
RST429,RST150
RST430,RST130
RST441,RST120
RST450,RST150
RST460,RST210
RST460,RST240
RST460,RST325
RST465,RST460
RST485,RST100
RST485,RST101
RST485,RST200
RST485,RST255
RST485,RST210
RST485,RST240
RST485,RST325
RST485,RST480
RST485,RST120
RST485,RST130
RST485,RST150
RST501,RST100
RST504,RST370
RST512,RST410
RST519,RST512
RST519,RST515
RST519,RST516
RST551,RST550
RST580,RST501
RST580,RST512
RST585,RST501
RST588,RST501
RUSS102,RUSS101
RUSS201,RUSS102
RUSS202,RUSS201
RUSS290,RUSS202
RUSS301,RUSS202
RUSS302,RUSS301
RUSS402,RUSS401
RUSS474,RUSS302
RUSS501,RUSS402
RUSS502,RUSS501
SBC509,SBC502
SBC512,SBC511
SCAN102,SCAN101
SCAN103,SCAN102
SCAN104,SCAN103
SCAN306,SCAN305
SCAN494,SCAN104
SCAN506,SCAN505
SE310,CS101
SE310,CS124
SE310,TAM212
SE310,TAM251
SE311,SE310
SE311,SE312
SE312,SE310
SE312,SE311
SE320,CS101
SE320,CS124
SE320,MATH285
SE320,TAM212
SE320,ECE211
SE400,RHET105
SE402,SE101
SE402,SE311
SE410,SE311
SE410,SE320
SE411,IE300
SE412,CEE300
SE413,MATH241
SE413,MATH257
SE413,MATH415
SE420,SE320
SE422,SE320
SE423,SE320
SE424,SE320
SE424,MATH257
SE424,MATH415
SE450,IE300
SE495,SE494
SE523,CS173
SE523,MATH213
SE523,CS225
SE523,MATH415
SE523,MATH461
SE524,SE424
SE524,IE300
SE525,SE424
SE550,SE450
SHS221,SHS121
SHS321,SHS221
SHS427,PSYC210
SHS427,PSYC224
SHS427,PSYC248
SHS427,LING225
SHS427,SHS170
SHS470,SHS300
SHS470,SHS301
SHS481,SHS480
SHS482,SHS480
SHS482,SHS481
SHS510,SHS410
SHS512,SHS300
SHS512,SHS301
SHS520,SHS320
SHS554,SHS551
SHS556,SHS553
SHS557,SHS240
SHS557,SHS450
SHS557,SHS451
SHS558,SHS541
SHS560,SHS550
SHS563,SHS553
SHS576,SHS475
SHS577,SHS477
SHS578,SHS577
SHS579,SHS555
SHS579,SHS557
SHS595,SHS557
SLAV417,RUSS301
SLAV417,RUSS302
SLAV419,RUSS219
SNSK202,SNSK201
SNSK403,SNSK202
SNSK404,SNSK403
SOC225,SOC100
SOC225,SOC101
SOC225,SOC163
SOC273,SOC100
SOC273,SOC101
SOC273,SOC163
SOC275,SOC100
SOC275,SOC101
SOC275,SOC163
SOC310,SOC100
SOC310,SOC101
SOC310,SOC163
SOC364,SOC100
SOC364,SOC101
SOC364,SOC163
SOC366,SOC100
SOC366,SOC101
SOC366,SOC163
SOC366,HIST142
SOC366,PS100
SOC373,SOC100
SOC373,SOC101
SOC373,SOC163
SOC375,SOC275
SOC380,SOC280
SOC380,SOC100
SOC380,SOC101
SOC380,SOC163
SOC396,SOC100
SOC396,SOC101
SOC396,SOC163
SOC400,SOC100
SOC400,SOC101
SOC400,SOC163
SOC400,SOC200
SOC426,SOC100
SOC426,SOC101
SOC426,SOC163
SOC447,SOC380
SOC447,SOC100
SOC447,SOC101
SOC447,SOC163
SOC450,SOC100
SOC450,SOC101
SOC450,SOC163
SOC450,SOC380
SOC470,SOC100
SOC470,SOC101
SOC470,SOC163
SOC477,SOC100
SOC477,SOC101
SOC477,SOC163
SOC479,SOC100
SOC479,SOC101
SOC479,SOC163
SOC480,SOC380
SOC481,SOC380
SOC483,SOC100
SOC483,SOC101
SOC483,SOC163
SOC485,SOC280
SOC488,SOC270
SOC496,SOC100
SOC496,SOC101
SOC496,SOC163
SOC500,SOC200
SOC501,SOC500
SOC581,SOC485
SOC586,SOC485
SOC587,SOC586
SOC599,SOC598
SOCW401,SOCW200
SOCW402,SOCW401
SOCW403,SOCW401
SOCW404,SOCW401
SOCW417,SOCW315
SOCW445,SOCW321
SOCW456,SOCW321
SOCW461,SOCW401
SOCW470,SOCW461
SOCW500,SOCW400
SOCW501,SOCW400
SOCW502,SOCW400
SOCW503,SOCW400
SOCW504,SOCW400
SOCW505,SOCW400
SOCW506,SOCW400
SOCW507,SOCW400
SOCW508,SOCW400
SOCW509,SOCW400
SOCW509,SOCW552
SOCW514,SOCW410
SOCW516,SOCW410
SOCW519,SOCW410
SOCW521,SOCW400
SOCW522,SOCW400
SOCW526,SOCW400
SOCW532,SOCW531
SOCW533,SOCW532
SOCW541,SOCW427
SOCW542,SOCW427
SOCW552,SOCW451
SOCW554,SOCW451
SOCW576,SOCW575
SOCW580,SOCW516
SOCW584,SOCW410
SOCW594,SOCW593
SPAN102,SPAN101
SPAN130,SPAN102
SPAN130,SPAN122
SPAN141,SPAN130
SPAN142,SPAN130
SPAN200,SPAN141
SPAN200,SPAN142
SPAN202,SPAN141
SPAN202,SPAN142
SPAN204,SPAN141
SPAN204,SPAN142
SPAN208,SPAN141
SPAN208,SPAN142
SPAN228,SPAN141
SPAN228,SPAN142
SPAN232,SPAN141
SPAN232,SPAN142
SPAN250,SPAN228
SPAN252,SPAN228
SPAN254,SPAN228
SPAN295,SPAN228
SPAN299,SPAN141
SPAN299,SPAN142
SPAN303,SPAN228
SPAN305,SPAN252
SPAN307,SPAN252
SPAN308,SPAN228
SPAN309,SPAN252
SPAN310,SPAN228
SPAN316,SPAN228
SPAN318,SPAN228
SPAN320,SPAN228
SPAN324,SPAN228
SPAN326,SPAN228
SPAN332,SPAN228
SPAN399,SPAN228
SPAN410,SPAN250
SPAN410,SPAN252
SPAN410,SPAN254
SPAN430,SPAN252
SPAN430,SPAN303
SPAN431,SPAN305
SPAN432,SPAN305
SPAN433,SPAN307
SPAN433,SPAN309
SPAN434,SPAN252
SPAN435,LING100
SPAN435,SPAN252
SPAN435,FR416
SPAN437,SPAN303
SPAN437,SPAN305
SPAN462,SPAN310
SPAN462,SPAN318
SPAN463,SPAN312
SPAN463,SPAN320
SPAN464,SPAN312
SPAN464,SPAN320
SPAN465,SPAN312
SPAN465,SPAN320
SPAN466,SPAN324
SPAN467,SPAN326
SPAN468,SPAN326
SPAN477,FLTE471
SPAN490,SPAN252
SPAN490,SPAN310
SPAN490,SPAN312
SPAN490,SPAN316
SPAN490,SPAN318
SPAN490,SPAN320
SPAN490,SPAN324
SPAN490,SPAN326
SPAN528,SPAN465
SPAN557,SPAN435
SPAN580,FLTE471
SPAN584,LING489
SPAN588,SPAN580
SPED317,SPED117
SPED322,PSYC100
SPED322,SPED117
SPED426,EDPR420
SPED436,SPED435
SPED437,SPED436
SPED440,SPED317
SPED440,SPED517
SPED441,SPED524
SPED447,SPED446
SPED448,SPED446
SPED452,CI431
SPED453,CI431
SPED453,SPED452
SPED461,SPED440
SPED471,SPED470
SPED503,SPED501
SPED507,SPED501
SPED507,SPED503
SPED507,SPED505
SPED521,SPED517
SPED526,SPED426
SPED565,EPSY236
SPED566,SPED524
SPED593,SPED592
STAT100,MATH112
STAT207,STAT107
STAT385,STAT107
STAT385,STAT200
STAT385,STAT212
STAT400,MATH231
STAT408,MATH241
STAT409,STAT408
STAT410,MATH241
STAT410,STAT400
STAT420,STAT408
STAT420,STAT400
STAT420,MATH231
STAT424,STAT410
STAT425,STAT400
STAT425,MATH257
STAT425,MATH415
STAT426,STAT410
STAT426,STAT425
STAT427,STAT425
STAT428,STAT410
STAT429,STAT410
STAT430,STAT410
STAT430,STAT425
STAT431,STAT410
STAT432,STAT400
STAT432,STAT420
STAT432,STAT425
STAT433,STAT400
STAT433,STAT410
STAT433,MATH225
STAT434,STAT410
STAT434,STAT420
STAT437,STAT410
STAT437,MATH415
STAT437,MATH257
STAT440,STAT400
STAT440,STAT409
STAT448,STAT410
STAT480,STAT440
STAT480,STAT447
STAT480,STAT420
STAT480,STAT425
STAT510,STAT410
STAT511,STAT410
STAT525,STAT425
STAT525,STAT426
STAT525,STAT510
STAT528,STAT510
STAT528,STAT511
STAT528,STAT527
STAT533,MATH540
STAT533,MATH415
STAT533,MATH461
STAT534,STAT410
STAT534,STAT425
STAT542,STAT410
STAT542,STAT425
STAT545,STAT425
STAT546,STAT425
STAT546,STAT510
STAT546,STAT511
STAT553,MATH447
STAT556,STAT429
STAT571,STAT410
STAT571,MATH415
STAT575,STAT511
STAT575,MATH561
STAT575,STAT554
STAT576,STAT511
STAT576,STAT575
STAT576,STAT553
STAT593,STAT425
SWAH202,SWAH201
SWAH404,SWAH403
SWAH405,SWAH404
SWAH406,SWAH405
SWAH407,SWAH406
SWAH408,SWAH407
SWAH409,SWAH408
SWAH410,SWAH409
TAM210,PHYS211
TAM210,MATH241
TAM211,PHYS211
TAM211,MATH241
TAM212,TAM210
TAM212,TAM211
TAM251,TAM210
TAM251,TAM211
TAM252,TAM251
TAM335,TAM212
TAM412,MATH225
TAM412,MATH257
TAM412,MATH415
TAM412,MATH285
TAM412,MATH441
TAM412,TAM212
TAM416,TAM412
TAM416,ME340
TAM416,AE352
TAM424,CEE300
TAM424,ME330
TAM435,AE312
TAM435,ME310
TAM435,TAM335
TAM445,TAM251
TAM451,TAM251
TAM456,TAM251
TAM461,TAM251
TAM470,CS101
TAM470,MATH285
TAM470,MATH441
TAM514,TAM412
TAM514,TAM542
TAM514,TAM551
TAM518,TAM541
TAM518,TAM514
TAM518,TAM531
TAM518,TAM551
TAM524,CEE300
TAM524,ME330
TAM524,TAM551
TAM531,MATH285
TAM531,MATH441
TAM531,TAM435
TAM532,MATH285
TAM532,TAM435
TAM534,TAM435
TAM534,TAM451
TAM534,MSE450
TAM534,MSE480
TAM536,TAM532
TAM537,TAM531
TAM537,TAM532
TAM538,TAM532
TAM541,MATH285
TAM541,MATH441
TAM541,TAM251
TAM542,TAM541
TAM545,TAM445
TAM545,TAM551
TAM549,MATH446
TAM549,TAM541
TAM551,MATH285
TAM551,MATH441
TAM552,TAM551
TAM554,TAM552
TAM555,TAM424
TAM555,MSE440
TAM555,TAM541
TAM555,TAM552
TAM557,TAM445
TAM557,TAM551
TAM557,MATH362
TAM559,TAM451
TAM559,TAM551
TAM561,TAM541
TAM561,CHBE521
TAM561,PHYS508
TAM570,TAM470
TAM570,TAM542
TAM574,TAM470
TAM574,CEE570
TAM574,CS555
TAM574,ME471
TE390,TE250
TE567,TE566
THEA175,THEA170
THEA208,THEA101
THEA208,THEA122
THEA211,THEA208
THEA212,THEA122
THEA220,THEA122
THEA220,THEA208
THEA223,THEA126
THEA270,THEA175
THEA271,THEA175
THEA275,THEA270
THEA304,THEA208
THEA361,THEA360
THEA364,THEA122
THEA364,THEA123
THEA371,THEA372
THEA372,THEA371
THEA373,THEA371
THEA374,THEA371
THEA375,THEA376
THEA376,THEA375
THEA377,THEA371
THEA377,THEA372
THEA377,THEA373
THEA377,THEA374
THEA377,THEA375
THEA378,THEA375
THEA401,THEA451
THEA405,THEA231
THEA408,THEA451
THEA409,THEA445
THEA409,THEA446
THEA411,THEA211
THEA412,THEA212
THEA415,THEA222
THEA416,THEA415
THEA419,THEA126
THEA420,THEA126
THEA422,THEA126
THEA423,THEA231
THEA424,THEA126
THEA425,THEA225
THEA428,THEA427
THEA430,THEA223
THEA430,THEA419
THEA431,THEA231
THEA431,THEA423
THEA432,THEA231
THEA432,THEA423
THEA432,THEA431
THEA437,THEA231
THEA437,THEA425
THEA441,THEA242
THEA443,THEA442
THEA444,THEA442
THEA454,THEA153
THEA455,THEA454
THEA467,THEA208
THEA469,THEA427
THEA469,THEA428
THEA470,MACS372
THEA471,THEA472
THEA472,THEA471
THEA473,THEA471
THEA474,THEA471
THEA475,THEA476
THEA476,THEA475
THEA477,THEA475
THEA478,THEA475
THEA479,THEA375
THEA479,THEA376
THEA479,THEA377
THEA479,THEA378
THEA491,THEA437
THEA497,THEA153
THEA498,THEA497
THEA519,THEA419
THEA522,THEA422
THEA530,THEA430
THEA571,THEA572
THEA572,THEA571
THEA573,THEA571
THEA574,THEA571
TRST500,TRST410
TRST502,TRST501
TRST508,TRST503
TRST540,TRST407
TRST540,TRST410
TRST543,TRST541
TRST543,TRST542
TURK202,TURK201
TURK403,TURK202
TURK404,TURK403
TURK405,TURK404
TURK406,TURK405
UKR102,UKR101
UKR201,UKR102
UKR202,UKR201
UP203,UP101
UP204,UP101
UP316,UP116
UP317,UP116
UP317,STAT100
UP317,STAT107
UP317,STAT200
UP347,UP312
UP357,UP347
UP431,UP430
UP431,UP460
UP431,CEE417
UP436,UP426
UP447,UP347
UP455,UP347
UP456,UP347
UP457,UP347
UP478,UP347
UP513,UP512
UP519,UP418
UP520,UP517
UP520,UP570
UP570,UP517
UP580,UP501
VCM509,VCM505
VCM509,VCM507
VCM513,VCM507
VCM513,VCM509
VCM513,VCM513
VCM514,VCM507
VCM514,VCM509
VCM514,VCM513
VCM514,VCM514
VCM515,VCM507
VCM515,VCM509
VCM560,VCM505
VCM560,VCM507
VCM569,VCM568
VCM630,VM605
VCM636,VM608
VCM637,VM609
VCM641,VM606
VCM643,VM606
VCM645,VM606
VCM656,VCM646
VCM657,VCM626
VCM660,VM604
VCM688,VCM672
VCM690,VM601
VCM695,VCM688
VM604,VM603
VM605,VM604
VM606,VM601
VM606,VM604
VM607,VM605
VM607,VM606
VM608,VM607
VM609,VM608
VM610,VM609
VM611,VM610
VM612,VM611
VM613,VM611
VM614,VM611
VM615,VM611
VM616,VM611
VM617,VM616
VM651,VM608
VM652,VM608
VM653,VM651
VM653,VM652
VM654,VM651
VM654,VM652
VM655,VM653
VM655,VM654
VM656,VM653
VM656,VM654
WLOF202,WLOF201
WLOF403,WLOF202
WLOF404,WLOF403
WLOF405,WLOF404
WLOF406,WLOF405
WLOF407,WLOF406
YDSH102,YDSH101
YDSH103,YDSH102
YDSH104,YDSH103
ZULU202,ZULU201
ZULU403,ZULU202
ZULU404,ZULU403
ZULU405,ZULU404
ZULU406,ZULU405
